bedroom,bathroom,floors,parking,location,dhur,Aana,Paisa,Daam,roadsize(feet),Road type,Years ago,Area(sq ft),Price
4,3,2.5,1,"Nearby, Buddha party palace, Imadol, Lalitpur",0,3,0,0,13,Gravelled,2,1026.75,18000000
4,3,3,0,"Nayabasti, Imadol, Lalitpur",0,2,2,0,13,Gravelled,2,855.62,15000000
7,5,2,3,"Rudreshwor, Budhanilkantha, Kathmandu",12,,,,15,Blacktopped,1,2187,57000000
7,3,2.5,3,"Bafal, Bafal, Kathmandu",0,4,2,0,13,Blacktopped,1,1540.12,24500000
5,6,4,4,"Na, Baluwatar, Kathmandu",5,5,,,13,Paved,2,2622.5,60000000
6,3,3,1,"Yalambar marg, Dharan, Dharan",10,5,,,10,Gravelled,0.833333333,3533.75,16500000
2,4,3,1,"Mahalaxmi nagarpalika pachhadi ko road najik, Mahalaxmi Nagarpalika, Lalitpur",0,3,3,0,12,Gravelled,1,1283.43,21500000
2,1,1,2,"Birendrachowk , kadaghari, Kadaghari, Kathmandu",,,,,10,Gravelled,2,0,13000000
3,3,3,1,"Sundarbasti, Budhanilkantha, Budhanilkantha, Kathmandu",2,3,,,13,Gravelled,1,1391.25,16000000
3,3,3,2,"Kapan height, Kapan, Kathmandu",4,,,,8,Gravelled,0.333333333,729,22000000
6,6,3,1,"Na, Baniyatar, Kathmandu",3,5,,,15,Blacktopped,2,2258,24000000
5,3,3,1,"Samabesi Height, Changunarayan, Bhaktapur",0,3,0,1,13,Soil Stabilized,0.25,1048.14,18000000
5,3,2.5,1,"Nayabasti, Boudha, Boudha, Kathmandu",0,3,2,3,13,Blacktopped,1,1262.04,26500000
6,3,3,0,"Near New Colony, Sukedhara, Kathmandu",0,4,3,0,22,Blacktopped,1,1625.68,35200000
4,4,3,2,"Sital Height, Imadol, Imadol, Lalitpur",0,3,0,1,13,Gravelled,2,1048.14,24500000
4,4,3,1,"Sital Height, Imadol, Imadol, Lalitpur",0,3,0,0,13,Soil Stabilized,0.666666667,1026.75,21000000
4,1,1,4,"Lolang height, Tarakeshwar, Kathmandu",0,4,0,0,14,Blacktopped,1,1369,10500000
5,3,3,0,"Syuchatar, Syuchatar, Kathmandu",0,3,3,0,20,Soil Stabilized,3,1283.43,20000000
7,3,2.5,1,"Chandol, Baluwatar, Kathmandu",0,5,0,0,10,Blacktopped,2,1711.25,39000000
5,4,3,1,"Budhanilkantha, Chapali, Kathmandu",0,4,2,0,14,Paved,2,1540.12,39900000
4,3,3,3,"Bhaisipati, Bhaisepati, Lalitpur",0,3,3,1,18,Gravelled,1,1304.82,30000000
4,5,3,0,"Banasthali, Banasthali, Kathmandu",10,,,,12,Soil Stabilized,2,1822.5,70000000
8,4,5,0,"Thulo bharyang, Thulo Bharyang, Kathmandu",,,,,13,Concrete,2,0,25000000
6,6,3,1,"NA, Bhangal, Kathmandu",4,,,,15,Blacktopped,2,729,24000000
10,4,4,1,"Khadka gaun, LRI marg kalanki-14  Kathmandu, Kalanki, Kathmandu",5,,,,14,Blacktopped,1,911.25,29000000
5,4,2,2,"Kalanki, Naikap, Kathmandu",4,,,,14,Soil Stabilized,1,729,22500000
2,1,1.5,1,"Nearby, Buddha party palace, Tikathali, Lalitpur",0,2,3,2,13,Gravelled,2,983.96,11500000
4,3,2,0,"Shree tole, Basundhara, Kathmandu",3,1,,,15,Gravelled,2,889,23000000
5,2,2,3,"Sitapaila, Sitapaila, Kathmandu",0,3,2,0,13,Gravelled,1,1197.87,21000000
5,4,2.5,2,"Nearby Sun City Apartment, Pepsicola, Kathmandu",0,3,0,0,18,Gravelled,1,1026.75,25000000
3,3,3,1,"Basundhara, Basundhara, Kathmandu",0,2,3,0,12,Paved,2,941.18,19500000
5,3,2.5,1,"Buddha Colony, Imadol, Lalitpur",0,3,0,2,13,Gravelled,2,1069.53,17500000
5,6,3,1,"Na, Dhapasi, Kathmandu",3,5,,,13,Blacktopped,2,2258,25500000
5,5,3,5,"narayanthan, Budhanilkantha, Kathmandu",0,9,0,0,22,Soil Stabilized,1,3080.25,63000000
7,3,3,0,"Panauti, Panauti, Kavre",3,,,,24,Soil Stabilized,2,546.75,9000000
8,2,2,2,"Sanobharayang, Sanobharyang, Kathmandu",4,5,,,14,Soil Stabilized,3,2440.25,22000000
7,7,4,2,"Na, Mandikatar, Kathmandu",7,,,,15,Blacktopped,2,1275.75,40000000
2,1,1,1,"Imadol, Lalitpur, Imadol, Lalitpur",0,3,2,0,14,Blacktopped,1,1197.87,15000000
5,4,3,1,"Kalanki, Syuchatar, Kathmandu",3,,,,13,Gravelled,0.583333333,546.75,24800000
2,1,1,1,"Kapan kharibot shantinagar, Budhanilkantha, Kathmandu",3,1,,,13,Blacktopped,1,889,13000000
4,4,2,4,"Balkumari, Balkumari, Lalitpur",0,10,1,0,20,Soil Stabilized,1,3508.06,47000000
5,3,3,3,"Hattigauda, Hattigauda, Kathmandu",0,6,2,0,13,Paved,3,2224.62,36500000
7,3,3,1,"Gandakbasti, Bafal, Kathmandu",0,4,0,0,10,Blacktopped,2,1369,31000000
3,2,N/A,1,"Gokul Awas, Bhaisepati, Lalitpur",0,4,1,0,15,Soil Stabilized,3,1454.56,29000000
10,5,4,1,"Suryadarsan height, Tokha, Kathmandu",0,5,0,0,20,Blacktopped,1,1711.25,30500000
4,1,2,3,"Damak, Damak, Jhapa",10,,,,20,Blacktopped,2,1822.5,20000000
7,4,3,1,"55, Basuki Nagar, Naya Basti, PatiTar, Jorpati, Kathmandu",4,,,,10,Blacktopped,0.333333333,729,23000000
4,4,3,1,"Sital Height, Imadol, Imadol, Lalitpur",0,3,2,0,13,Gravelled,2,1197.87,27500000
5,5,3,2,"Na, Hattigauda, Kathmandu",5,,,,13,Gravelled,1,911.25,34500000
7,5,4,0,"Paiyatar, Kapan, Kathmandu",0,3,1,1,0,Soil Stabilized,0.166666667,1133.7,17500000
5,4,2.5,0,"Sukedhara, Sukedhara, Kathmandu",6,,,,15,Gravelled,2,1093.5,40000000
5,4,4,2,"Khumaltar, 15, Civil Homes, Lalitpur",5,,,,0,Soil Stabilized,1,911.25,60000000
6,6,3,1,"Na, Maitidevi, Kathmandu",3,,,,13,Gravelled,1,546.75,27500000
5,4,2.5,2,"Nearby Green Hill City, Imadol, Lalitpur",0,3,0,0,12,Gravelled,1,1026.75,19500000
5,4,N/A,1,"Sital Height, Imadol, Godawari, Lalitpur",0,3,0,0,13,Gravelled,1,1026.75,16500000
6,6,3,2,"Na, Golfutar, Kathmandu",6,,,,15,Blacktopped,2,1093.5,45000000
4,2,2,1,"Townplanning, Pepsicola, Kathmandu",0,2,2,0,10,Gravelled,1,855.62,12500000
8,7,3.5,2,"Harisiddhi, Harisiddhi, Lalitpur",7,1,,,10,Soil Stabilized,3,1618,33000000
10,3,4,4,"Near Rave Futsal Center, Sukedhara, Kathmandu",3,,,,25,Blacktopped,1,546.75,28000000
10,3,3,0,"Baniyatar, Baniyatar, Kathmandu",4,,,,16,Soil Stabilized,2,729,22000000
8,4,3,5,"Harihar Marg, Dhapasi, Dhapasi, Kathmandu",0,8,3,0,12,Concrete,2,2994.68,40000000
5,2,3,1,"HarHar Mahadev Chowk, Kadaghari, Kathmandu",3,,,,12,Blacktopped,2,546.75,17000000
5,3,2,4,"Mahadevtar, Kavresthali, Kathmandu",0,4,1,0,13,Blacktopped,1,1454.56,24000000
9,1,3,1,"Bhaktapur, Bhaktapur, Bhaktapur",0,6,0,0,20,Gravelled,2,2053.5,21500000
6,3,N/A,2,"bansbari, Bansbari, Kathmandu",0,8,0,0,20,Soil Stabilized,1,2738,49500000
6,4,3,1,"Kausaltar, Kausaltar, Bhaktapur",4,,,,20,Gravelled,1,729,32500000
10,5,3.5,4,"Nepaltar, Nepaltar, Kathmandu",0,3,2,0,15,Gravelled,1,1197.87,25000000
9,5,3,3,"Manbhawan, AVM, Chowk, Manbhawan, Lalitpur",0,10,0,0,13,Blacktopped,1,3422.5,62500000
4,4,N/A,0,"Na, Budhanilkantha, Kathmandu",12,,,,20,Blacktopped,1,2187,67500000
6,3,2.5,2,"Sital height, Imadol, Lalitpur",0,3,2,0,13,Gravelled,2,1197.87,20000000
5,3,2,0,"Nawalparasi, Nawalparasi, Nawalparasi",7,5,,,20,Gravelled,1,2987,12500000
0,3,N/A,2,"hapali height, Budhanilkantha, Kathmandu",5,,,,0,Gravelled,0.666666667,911.25,47500000
7,3,3,1,"Sipadol, Sipadol, Bhaktapur",0,3,2,0,10,Gravelled,2,1197.87,19000000
2,1,1,4,"Near Pawan Prakriti School, Imadol, Lalitpur",3,5,,,20,Gravelled,2,2258,14200000
5,5,3,2,"Na, Hattigauda, Kathmandu",5,,,,13,Gravelled,1,911.25,33400000
6,3,3,1,"Kavresthali, Balaju, Kavresthali, Kathmandu",3,2,,,0,Soil Stabilized,2,1231.25,19000000
5,6,N/A,0,"Na, Budhanilkantha, Kathmandu",11,,,,13,Gravelled,1,2004.75,60000000
5,6,3,3,"Na, Greenhill city, Mulpani, Kathmandu",8,,,,20,Blacktopped,1,1458,49800000
3,1,2,1,"Badikhel (Godawari), Godawari, Lalitpur",0,5,0,0,16,Blacktopped,2,1711.25,12500000
4,5,2.5,1,"Nakkhu, Lalitpur, Nakkhu, Lalitpur",4,2,,,15,Soil Stabilized,1,1413.5,29000000
3,2,N/A,0,"Green Valley Homes, Lamatar, Lalitpur",4,,,,20,Blacktopped,0.166666667,729,15500000
4,2,3,2,"Nayabato, Dhobighat, Lalitpur",8,,,,20,Soil Stabilized,2,1458,40000000
6,6,3,2,"NA, Bansbari, Kathmandu",6,,,,10,Blacktopped,1,1093.5,36000000
2,1,1,1,"Tikathali, Tikathali, Lalitpur",3,,,,13,Soil Stabilized,2,546.75,12500000
7,7,3,1,"Man, Ekatabasti, Kathmandu",4,,,,13,Blacktopped,2,729,29900000
0,3,N/A,3,"Bhudanilkantha, Budhanilkantha, Kathmandu",8,,,,20,Blacktopped,0.5,1458,42000000
6,6,3,1,"NA, Bhangal, Kathmandu",4,,,,14,Blacktopped,2,729,24000000
4,2,2,0,"Bhutkhel Park, Tokha, Kathmandu",0,3,1,0,13,Soil Stabilized,2,1112.31,14200000
4,4,2.5,1,"Ramkot, Sitapaila, Kathmandu",0,4,0,0,13,Blacktopped,2,1369,24000000
6,5,3,1,"Na, Baniyatar, Kathmandu",4,,,,20,Gravelled,2,729,29000000
8,3,3,1,"Gaurighat Chowk, Gaurighat, Kathmandu",0,3,0,0,12,Blacktopped,0.916666667,1026.75,25000000
6,4,2.5,2,"Suncity Apartment, Kadaghari, Kathmandu",0,3,1,0,13,Blacktopped,1,1112.31,21000000
5,3,3,5,"Nakhu, Lalitpur, Lalitpur",0,4,0,0,16,Gravelled,1,1369,34000000
8,6,3,4,"Near, Pipalbot, Dhumbarahi, Kathmandu",0,4,1,2,13,Gravelled,2,1497.34,32500000
7,8,4,1,"Na, Chapali, Kathmandu",5,,,,13,Gravelled,2,911.25,24000000
6,5,3,3,"NA, Budhanilkantha, Kathmandu",8,1,,,15,Blacktopped,2,1800.25,44500000
0,3,3,2,"Sukedhara, Jyoti Nagar, Budhanilkantha, Kathmandu",3,5,,,13,Paved,2,2258,22500000
4,3,N/A,0,"Brihat Cluster, Balkhu, Kathmandu",0,3,1,2,20,Soil Stabilized,2,1155.09,22835000
3,1,1,1,"Suryavinayak,Bhaktapur, Bhaktapur, Bhaktapur",4,,,,8,Soil Stabilized,1,729,8000000
4,3,2,2,"25, Grande Villa, Grande Villa, Kathmandu",0,4,3,2,16,Paved,0.083333333,1668.46,39000000
4,4,3,1,"Shanti Chowk, Nakhipot, Lalitpur",3,0,0,,19,Gravelled,0.083333333,546.75,29000000
5,7,3,3,"NA, Budhanilkantha, Kathmandu",8,,,,20,Gravelled,1,1458,45000000
6,6,3,2,"na, Basundhara, Kathmandu",8,,,,15,Blacktopped,2,1458,45000000
7,5,N/A,0,"Nearby Hariyali Basti, Balambu, Kathmandu",5,,,,14,Gravelled,2,911.25,20500000
6,2,3,1,"Thankot, Thankot, Kathmandu",0,3,0,0,23,Blacktopped,2,1026.75,13000000
0,4,2,1,"House for sale in Machha Pokhari, Machha Pokhari, Kathmandu",4,,,,13,Gravelled,0.166666667,729,20000007
4,6,3.5,1,"Swargadwari-07, Basundhara, Kathmandu",0,5,1,0,15,Soil Stabilized,0.916666667,1796.81,36000000
4,3,2,0,"Nilkantha Nagarpalika -3, Dhading, Dhading",0,4,0,2,7,Gravelled,2,1411.78,10000000
4,4,N/A,3,"Pasikot, Pasikot, Kathmandu",0,7,2,0,0,Gravelled,0.333333333,2566.87,55000000
5,5,N/A,2,"Kapurdhara, Kapurdhara, Kathmandu",4,,,,13,Blacktopped,2,729,32000000
5,5,3,1,"Na, Hattigauda, Kathmandu",6,,,,13,Blacktopped,2,1093.5,45000000
4,4,2.5,1,"Mahalaxmi-05, Imadol, Lalitpur",0,3,0,0,13,Gravelled,1,1026.75,19500000
3,4,N/A,2,"House no.21 , Civil homes, Khumaltar, Lalitpur",0,3,2,1,13,Paved,0.083333333,1219.26,36500000
7,3,N/A,1,"Seuchatar, kalanki, Kalanki, Kathmandu",0,3,,,10,Gravelled,1,1026.75,19000000
4,4,2,1,"hepali hight house sale, Budhanilkantha, Kathmandu",0,4,2,0,13,Blacktopped,1,1540.12,43000000
4,3,N/A,1,"Suryadarsan Height, Tokha, Kathmandu, Tokha, Kathmandu",3,,,,12,Paved,2,546.75,16000000
4,3,N/A,2,"Dhapasi Height, Dhapasi, Kathmandu",7,,,,15,Gravelled,1,1275.75,37500000
3,6,3,6,"Basuki Basti, Gwarko, Lalitpur",12,,,,13,Blacktopped,0.333333333,2187,60000000
4,5,N/A,3,"Pasikot, Budhanilkantha, Kathmandu",6,,,,13,Gravelled,1,1093.5,32000000
6,4,3,3,"Tarkeshwor, Tarkeshwor, Kathmandu",0,3,2,0,13,Paved,0.083333333,1197.87,36000000
6,6,3,1,"Na, Bhangal, Kathmandu",4,,,,18,Blacktopped,2,729,23800000
7,3,2,3,"Sitapaila, Sitapaila, Kathmandu",0,3,2,2,13,Gravelled,0.166666667,1240.65,23500000
5,2,N/A,1,"Araniko chowk ,inner amda road, Damak, Jhapa",11,,,,16,Soil Stabilized,1,2004.75,11000000
6,3,N/A,4,"chandragiri 7, Chandragiri, Kathmandu",5,,,,10,Paved,0.333333333,911.25,26500000
5,3,2.5,2,"Sanagau height, Imadol, Lalitpur",0,3,2,0,20,Gravelled,2,1197.87,22000000
4,4,3,1,"Bhaisepati, Bhaisepati, Lalitpur",4,3,,,12,Paved,2,1755.75,31500000
5,6,3,4,"Na, Budhanilkantha, Kathmandu",17,,,,14,Gravelled,2,3098.25,62000000
5,3,3,5,"Sanagaun, Harisiddhi,  Panitanky, Sano Gaun, Lalitpur",3,,,,13,Gravelled,0.333333333,546.75,20000000
0,4,N/A,1,"Imadol, Imadol, Lalitpur",0,3,0,1,4,Alley,1,1048.14,15000000
4,5,3,4,"Gairidhara, Gairidhara, Kathmandu",0,5,0,0,14,Paved,2,1711.25,55000000
5,5,3,2,"na, Bhangal, Kathmandu",7,,,,15,Blacktopped,2,1275.75,34500000
6,5,3,2,"Gyaneshwor Chowk, Gyaneshwor, Kathmandu",0,6,2,0,15,Blacktopped,1,2224.62,56000000
4,3,N/A,2,"Bhudanilkantha, Budhanilkantha, Kathmandu",0,6,0,0,13,Blacktopped,0.333333333,2053.5,47000000
5,3,2.5,2,"opposite of Green hill city, Imadol, Lalitpur",0,3,1,0,20,Blacktopped,2,1112.31,21500000
5,5,3,2,"Na, Maharajgunj, Kathmandu",8,,,,15,Blacktopped,2,1458,56000000
7,4,2.5,1,"Budanilkantha, Budhanilkantha, Kathmandu",0,4,3,0,20,Concrete,1,1625.68,30500000
4,3,3,0,"Sundarbasti, Bhangal, Kathmandu",4,,,,13,Soil Stabilized,2,729,25000000
0,3,N/A,0,"Hattigaunda, Hattigauda, Kathmandu",0,6,0,0,16,Gravelled,3,2053.5,37500000
4,1,1.5,0,"Setipakha, Imadol, Lalitpur",0,5,1,0,4,Concrete,2,1796.81,12000000
2,2,2,1,"Sarswoti tol, Birtamod Road, Itahari",7,,,,16.4042,Soil Stabilized,1,1275.75,24500000
7,4,2.5,3,"Rudreshwor chowk-02, Budhanilkantha, Kathmandu",0,9,0,2,13,Gravelled,1,3123.03,60000000
2,1,1.5,1,"nearby Pawan prakriti school., Tikathali, Lalitpur",0,4,0,2,16,Blacktopped,2,1411.78,15000000
8,3,2.5,1,"Ochu height, Koreran college, Imadol, Lalitpur",0,3,0,0,13,Gravelled,2,1026.75,17000000
5,4,3,1,"Na, Dhumbarahi, Kathmandu",6,,,,20,Soil Stabilized,0.083333333,1093.5,65000000
3,4,3,0,"Dada Pauwa, Sitapaila, Kathmandu",3,5,,,13,Soil Stabilized,2,2258,18000000
8,3,N/A,0,"Tikathali-1, Tikathali, Lalitpur",0,3,0,0,13,Blacktopped,2,1026.75,17000000
6,6,3,2,"Na, Dhapasi, Kathmandu",5,,,,13,Blacktopped,1,911.25,32000000
4,5,1,1,"Imadol, Imadol, Lalitpur",4,,,,20,Gravelled,2,729,21000000
7,3,N/A,1,"Phutung Tushal, Kavresthali, Kathmandu",0,4,0,0,10,Soil Stabilized,2,1369,28000000
6,5,3,3,"Grande, Tokha, Kathmandu",8,,,,12,Gravelled,2,1458,43000000
9,7,5,0,"Dharma Chakra Marg, Bagbazar, Kathmandu, Baghbazaar, Kathmandu",0,3,1,1,10,Blacktopped,0.666666667,1133.7,35000000
6,3,3,3,"Lambagar, Tarkeshwor, Kathmandu",4,,,,12,Soil Stabilized,2,729,16500000
5,4,3,0,"Kausaltar, Kausaltar, Bhaktapur",0,7,2,0,15,Blacktopped,2,2566.87,30000000
5,3,3,1,"Kageshwori Manohara ward no 09, Kadaghari, Kathmandu",0,2,2,0,13,Blacktopped,1,855.62,17000000
5,5,3,1,"Man, Pasikot, Kathmandu",3,,,,14,Gravelled,2,546.75,16800000
5,3,3.5,1,"Gaurighat, Gaurighat, Kathmandu",0,3,3,0,12,Gravelled,1,1283.43,25000000
4,5,3,3,"4, Lekhnath, Pokhara",14,,,,15,Blacktopped,1,2551.5,32000000
5,3,N/A,1,"Syuchatar, Syuchatar, Kathmandu",0,6,2,0,10,Soil Stabilized,2,2224.62,22000000
3,4,N/A,0,"Maharajgunj, Maharajgunj, Kathmandu",4,,,,13,Soil Stabilized,2,729,36500000
6,5,3,0,"Khumaltar, Khumaltar, Lalitpur",4,,,,14,Soil Stabilized,2,729,19500000
6,4,2.5,1,"Nearby Nilo Pool, Sukedhara, Kathmandu",0,4,0,0,12,Concrete,2,1369,32500000
5,3,3,1,"jorpati makalbari near sano pool, Jorpati, Kathmandu",0,3,2,0,12,Blacktopped,2,1197.87,21000000
6,3,3,0,"Nearby IOM, Baluwatar, Kathmandu",6,,,,12,Soil Stabilized,2,1093.5,51500000
4,2,2,1,"Gairi tole, Tankisinwari, Budiganga, Morang",11,,,,16,Gravelled,0.916666667,2004.75,13500000
6,6,3,0,"Na, Baluwatar, Kathmandu",6,,,,15,Blacktopped,2,1093.5,42500000
6,2,N/A,1,"Ganesh mandir, Chhauni, Kathmandu",3,,,,13,Soil Stabilized,1,546.75,27000000
7,7,N/A,1,"Imadol, Imadol, Lalitpur",0,3,1,1,13,Soil Stabilized,0.75,1133.7,22500000
4,4,3,1,"Aloknagar, Minbhawan, Kathmandu, Nepal, Minbhawan, Kathmandu",0,5,0,0,13,Blacktopped,0.5,1711.25,39000000
5,2,3,0,"Basundhara, Basundhara, Kathmandu",5,,,,14,Soil Stabilized,2,911.25,39000000
5,3,2.5,1,"Inside Cozy Homes, Imadol, Lalitpur",0,3,2,0,13,Gravelled,1,1197.87,25000000
6,4,2.5,2,"New Millennium School, Imadol, Lalitpur",0,3,2,0,20,Gravelled,1,1197.87,24500000
3,4,3,1,"Na, Budhanilkantha, Kathmandu",3,5,,,12,Gravelled,1,2258,23000000
8,7,3,0,"Durga Nagar Colony, Kalanki, Kathmandu",0,7,5,0,14,Soil Stabilized,3,2823.55,41500000
6,5,3,5,"Adhikari mod, Aakase dhara, Kapan, Kathmandu",0,7,0,0,12,Blacktopped,2,2395.75,32500000
5,2,3,1,"Naikap Naya Bhanjyang, Naikap, Kathmandu",0,6,3,3,15,Blacktopped,2,2374.35,29500000
6,2,2,4,"Khumaltar, Khumaltar, Lalitpur",0,10,0,0,14,Blacktopped,1,3422.5,60000000
5,5,3,3,"NA, Budhanilkantha, Kathmandu",15,,,,13,Soil Stabilized,2,2733.75,65000000
3,3,2.5,1,"Buddhachwok, Gothatar, Kathmandu",0,3,0,0,14,Gravelled,2,1026.75,18500000
4,4,2,3,"Budhanilkantha, Budhanilkantha, Kathmandu",10,,,,13,Soil Stabilized,2,1822.5,39000000
6,3,2,2,"66/51, Janasahayog Marga, Baneshwor, Kathmandu",4,,,,0,Soil Stabilized,2,729,34500000
7,4,N/A,1,"Jorpati, Nepal Medical College (NMC), Jorpati, Kathmandu",0,0,4,,14,Soil Stabilized,1,342.24,25000000
4,5,2,3,"Hepali, Bansbari, Kathmandu",8,,,,16,Blacktopped,1,1458,47500000
5,5,2,1,"Man, Budhanilkantha, Kathmandu",4,,,,13,Blacktopped,2,729,30500000
6,4,3,2,"Jyoti Nagar, Budhanilkantha, Kathmandu",4,5,,,13,Blacktopped,2,2440.25,25500000
5,4,N/A,1,"Khahare Chowk, Pepsicola, Kathmandu",6,,,,14,Soil Stabilized,2,1093.5,34000000
3,3,2,4,"Nakhkhu, Ekantakuna, Lalitpur",0,12,0,0,15,Gravelled,1,4107,45000000
5,6,3,3,"Na, Budhanilkantha, Kathmandu",7,,,,20,Blacktopped,1,1275.75,45000000
5,3,3,0,"Basundhara, Basundhara, Kathmandu",4,3,,,12,Blacktopped,2,1755.75,26000000
2,1,1,2,"Kapan, Budhanilkantha, Kathmandu",3,2,,,12,Gravelled,2,1231.25,12800000
4,3,2.5,0,"Dhaneshwor Temple, Gongabu, Kathmandu",0,3,2,0,13,Blacktopped,2,1197.87,26000000
6,6,3,1,"NA, Budhanilkantha, Kathmandu",4,,,,13,Blacktopped,2,729,28000000
8,4,4,1,"LolangPhant Goldhunga, Goldhunga, Kathmandu",5,,,,10,Gravelled,0.25,911.25,29900000
5,4,2.5,1,"Nearby Laxmi Furniture, Imadol, Lalitpur",0,3,1,0,20,Gravelled,1,1112.31,18000000
3,3,2,1,"Yakaltar, Raniban, Kathmandu, Raniban, Kathmandu",0,3,0,0,13,Paved,0.25,1026.75,30000000
4,3,2.5,1,"Bojepokhari, Imadol, Lalitpur",0,3,2,0,13,Gravelled,2,1197.87,21000000
4,3,3,1,"Mahalaxmi Muncipality, Imadol, Lalitpur",0,3,0,1,20,Gravelled,0.916666667,1048.14,24000000
6,2,3,0,"Budhanilkantha, Budhanilkantha, Kathmandu",4,,,,20,Soil Stabilized,2,729,22800000
4,2,N/A,1,"maitidevi, Maitidevi, Kathmandu",6,,,,13,Soil Stabilized,1,1093.5,55000000
7,4,3.5,1,"Chappal karkhana, Chappal Karkhana, Kathmandu",0,5,1,2,12,Soil Stabilized,0.916666667,1839.59,40000000
5,5,2,0,"Taulung road, Budhanilkantha, Kathmandu",14,,,,14,Blacktopped,2,2551.5,51000000
4,3,2.5,1,"Near Kirat Yakthung Chumlung, Sovahity, Lalitpur",0,3,0,0,10,Concrete,1,1026.75,20000000
7,6,3,1,"NA, Tokha, Kathmandu",3,3,,,15,Gravelled,1,1573.5,23500000
0,4,4,0,"timalshina chowk, Imadol, Lalitpur",11,,,,0,Soil Stabilized,2,2004.75,18000000
7,3,N/A,0,"Tarkeshwor Municipality Head Office, Tarkeshwor, Kathmandu",4,,,,10,Soil Stabilized,2,729,8000000
0,3,N/A,1,"A New House Sale in Sitapaila, Sitapaila, Kathmandu",4,,,,13,Soil Stabilized,0.166666667,729,25000000
2,1,1.5,1,"PaniTyanki, Tikathali, Lalitpur",0,2,3,0,13,Gravelled,1,941.18,11200000
5,5,2.5,4,"Nayabasti, Imadol, Imadol, Lalitpur",0,3,1,1,13,Gravelled,1,1133.7,22000000
8,5,4,2,"Sital Height, Imadol, Imadol, Lalitpur",0,4,0,0,13,Gravelled,0.666666667,1369,33500000
5,3,2.5,1,"sital height, Imadol, Lalitpur",0,2,2,0,13,Gravelled,2,855.62,15000000
4,4,3,1,"Na, Dhapasi, Kathmandu",5,,,,20,Blacktopped,2,911.25,33500000
4,2,N/A,0,"Halchowk, Swayambhu, Kathmandu",4,8,,,16,Soil Stabilized,3,3467,13000000
0,2,3,0,"dathulan road house, Chakupat, Lalitpur",1,,,,1,Concrete,2,182.25,8700000
4,4,3,2,"NA, Budhanilkantha, Kathmandu",5,,,,15,Blacktopped,2,911.25,30500000
5,3,3,0,"Near Buddha Party Palace, Imadol, Lalitpur",3,5,,,13,Blacktopped,2,2258,16500000
2,2,N/A,0,"house, Baluwatar, Kathmandu",0,1,1,0,13,Blacktopped,2,427.81,11200000
5,3,2,1,"Harissidi, Harisiddhi, Lalitpur",3,5,,,0,Soil Stabilized,1,2258,20000000
6,4,4,3,"Samakhusi, Samakhusi, Kathmandu",0,3,0,1,10,Soil Stabilized,2,1048.14,22500000
7,4,2,1,"Katyayani Temple, Mid Baneshwor, Kathmandu",0,7,0,0,10,Concrete,2,2395.75,50000000
2,1,1,1,"Shrijana basti, Kumari marga, Sukedhara, Kathmandu",0,,,,13,Blacktopped,0.166666667,0,19500000
4,4,3,1,"Sitapaila, Sitapaila, Kathmandu",3,1,,,13,Gravelled,2,889,18000000
6,4,N/A,1,"Bhatkepati, Machhegaun, Kirtipur",0,7,2,,13,Soil Stabilized,1,2566.87,27500000
4,4,3,1,"Sital Height, Imadol, Imadol, Lalitpur",0,3,1,0,13,Soil Stabilized,0.666666667,1112.31,21000000
5,3,3,1,"Hattiban, Lalitpur, Imadol, Lalitpur",3,1,,,13,Blacktopped,2,889,18000000
5,5,N/A,0,"Budhanilkantha, Budhanilkantha, Kathmandu",6,,,,16,Blacktopped,0.666666667,1093.5,55000000
5,3,3,0,"jarankhu kapresthali, Joranku, Kathmandu",0,3,0,0,8,Soil Stabilized,2,1026.75,15900000
7,3,3,0,"Panchetar, Tokha, Kathmandu",0,4,2,0,10,Gravelled,2,1540.12,24500000
4,2,1.5,1,"Nearby Buddha party palace, Imadol, Lalitpur",0,3,0,0,13,Gravelled,2,1026.75,13000000
7,2,3,0,"Krishna Mandir, Imadol, Lalitpur",0,3,3,2,13,Gravelled,2,1326.21,22500000
6,5,3,3,"Shantichow, Nakhipot, Lalitpur",0,8,3,3,20,Blacktopped,1,3058.85,57500000
4,3,N/A,0,"Basundhara, Basundhara, Kathmandu",5,5,,,16,Gravelled,2,2622.5,32500000
5,3,2,1,"Dhapasi-6, Dhapasi, Kathmandu",3,,,,13,Paved,0.916666667,546.75,21000000
8,4,N/A,1,"Rayamajhi, Naya Bazar, Kathmandu",0,3,1,0,0,Soil Stabilized,2,1112.31,32000000
4,4,N/A,1,"Sainbu, Bhaisepati, Lalitpur",0,5,2,0,20,Blacktopped,2,1882.37,35200000
6,4,3,1,"Budanilkantha, Sunderbasti, Kathmandu",0,5,0,3,13,Soil Stabilized,3,1775.42,27500000
9,6,4,3,"Na, Tokha, Kathmandu",9,,,,13,Paved,2,1640.25,40000000
6,4,3.5,3,"Birendra Chowk, Kadaghari, Kathmandu",3,2,,,13,Soil Stabilized,2,1231.25,36000000
6,4,3,1,"Sanchal, Sanepa, Lalitpur",0,4,2,0,12,Soil Stabilized,1,1540.12,32500000
6,4,2,1,"Thapa Chok, Sitapaila, Kathmandu",4,,,,11,Soil Stabilized,1,729,30000000
3,2,3,3,"Tinthana, Balkhu, Kathmandu",0,4,5,0,20,Soil Stabilized,2,1796.8,23000000
7,3,3,4,"Dallu, Dallu, Kathmandu",0,7,1,0,14,Blacktopped,1,2481.31,55000000
0,3,3,1,"pepsicola, Pepsicola, Kathmandu",3,5,,,10,Soil Stabilized,0.166666667,2258,27500000
3,3,N/A,1,"Imadol, Gwarko, Lalitpur",0,0,3,,13,Blacktopped,2,256.68,17500000
4,4,3,1,"Buddha Colony, Buddha Party Palace, Imadol, Imadol, Lalitpur",0,3,2,0,13,Gravelled,0.5,1197.87,26000000
5,3,N/A,3,"Budhanilkantha, Kathmandu, Budhanilkantha, Kathmandu",0,6,0,0,12,Blacktopped,1,2053.5,47000000
10,3,4,1,"Pepsi Cola, Pepsicola, Kathmandu",0,2,5,0,20,Paved,1,1112.3,22200000
5,4,3,4,"Arubari, Chabahil, Kathmandu",4,,,,12,Soil Stabilized,2,729,37000000
4,5,3,2,"Bishnumati, Budhanilkantha, Kathmandu, Budhanilkantha, Kathmandu",0,9,0,0,18,Concrete,0.5,3080.25,55000000
6,6,3,2,"Na, Kapan, Kathmandu",5,,,,13,Blacktopped,1,911.25,31000000
3,3,N/A,0,"Jorpati, Gokarneshwor, Kathmandu",2,2,,,12,Soil Stabilized,0.25,1049,14300000
2,1,1,0,"Imadol, Mahalaxmisthan, Lalitpur",0,3,0,,15,Gravelled,1,1026.75,12500000
5,3,3,0,"Ekantakuna, Ekantakuna, Lalitpur",0,3,1,2,22,Blacktopped,2,1155.09,27000000
2,1,1.5,1,"Nearby Buddha Party Palace, Imadol, Lalitpur",0,2,3,0,13,Gravelled,1,941.18,11500000
6,5,3,6,"NA, Budhanilkantha, Kathmandu",12,,,,15,Blacktopped,2,2187,57500000
5,3,2.5,0,"Bohoratar, Bohoratar, Kathmandu",0,3,0,0,22,Blacktopped,1,1026.75,16500000
6,4,2.5,3,"Imadol, Tikathali, Lalitpur",0,4,0,0,20,Concrete,2,1369,21500000
4,5,3,2,"Na, Budhanilkantha, Kathmandu",5,,,,15,Blacktopped,1,911.25,37500000
4,4,2,2,"Budhanilkantha, Hattigauda, Kathmandu",0,7,2,0,13,Soil Stabilized,3,2566.87,55000000
5,6,3,1,"na, Tokha, Kathmandu",3,1,,,12,Blacktopped,2,889,17800000
5,5,3,1,"Na, Hattigauda, Kathmandu",5,5,,,14,Gravelled,2,2622.5,33500000
4,3,3,0,"Krishna Temple, Imadol, Lalitpur",0,3,0,3,10,Gravelled,2,1090.92,19000000
7,6,5,4,"Mulpani, Mulpani, Kathmandu",3,1,,,14,Gravelled,2,889,16000000
5,5,3,4,"Deuba Chowk, Budhanilkantha, Kathmandu, Budhanilkantha, Kathmandu",0,10,0,0,14,Concrete,0.5,3422.5,70000000
7,8,4,2,"Samakhusi, Samakhusi, Kathmandu",4,,,,14,Paved,2,729,40000000
5,4,3,0,"Nayabasti, Imadol, Lalitpur",3,,,,11,Gravelled,2,546.75,18000000
5,5,3,4,"Na, Mandikatar, Kathmandu",13,,,,15,Blacktopped,1,2369.25,69999999
6,3,N/A,2,"Near Real Banquet, Bafal, Kathmandu",5,,,,12,Blacktopped,0.333333333,911.25,35000000
8,4,4,0,"Nearby Namuna Planning, Tokha, Kathmandu",0,3,2,0,20,Gravelled,2,1197.87,17000000
4,3,3,4,"Budhanilkantha, Budhanilkantha, Kathmandu",0,8,0,0,13,Soil Stabilized,3,2738,25000000
4,4,N/A,1,"bhaisepati, Bhaisepati, Lalitpur",3,,,,0,Soil Stabilized,2,546.75,30000000
5,4,2,3,"Sundarbasti, Kapan, Sunderbasti, Kathmandu",0,5,3,0,14,Gravelled,1,1967.93,31500000
5,2,3,0,"Near by kalikasthan temple, Thankot, Kathmandu",4,,,,16,Blacktopped,2,729,17500000
7,4,3,0,"Behind Swimming Pool, Imadol, Lalitpur",3,3,,,13,Soil Stabilized,2,1573.5,22500000
4,3,3,3,"Dhapasi, Dhapasi, Kathmandu",0,10,0,0,12,Paved,0.333333333,3422.5,61000000
4,2,2,0,"Nagdhunga, Nagdhunga, Kathmandu",3,2,,,15,Soil Stabilized,2,1231.25,9500000
6,4,3,1,"Lotesor, Koteshwor, Kathmandu",5,,,,13,Gravelled,1,911.25,38000000
6,3,2.5,1,"Nagarjun School, Goldhunga, Kathmandu",0,3,0,0,10,Gravelled,2,1026.75,16500000
5,3,2,3,"Bafal, Bafal, Kathmandu",0,4,0,0,13,Gravelled,3,1369,28500000
6,5,3,1,"Na, Tokha, Kathmandu",4,,,,13,Gravelled,2,729,29000000
3,3,3,3,"Naurangey, Bharatpur, Chitwan",10,,,,19.68504,Blacktopped,2,1822.5,13500000
4,4,3,2,"Kapan, Kapan, Kathmandu",3,2,,,0,Soil Stabilized,2,1231.25,15000000
6,6,3,4,"Na, Basundhara, Kathmandu",8,,,,20,Blacktopped,2,1458,45000000
8,4,4,2,"242 Laligurash marg ghattekulo, namuna nagar, Dillibazar, Kathmandu",0,5,0,2,13.5,Blacktopped,1,1754.03,42500000
5,3,2.5,1,"Bhadrakali Petrol Pump, Imadol, Lalitpur",0,3,0,0,13,Gravelled,1,1026.75,22000000
5,2,2,3,"Jarankhu, Balaju, Kathmandu",0,3,2,2,13,Soil Stabilized,2,1240.65,14200000
5,5,3,1,"Na, Tokha, Kathmandu",3,1,,,13,Soil Stabilized,2,889,22000000
5,5,N/A,0,"Na, Baluwatar, Kathmandu",4,,,,9,Blacktopped,1,729,32000000
6,3,3,4,"Nearby Jyotinagar, Budhanilkantha, Kathmandu",6,,,,13,Soil Stabilized,2,1093.5,34000000
9,3,3,1,"50M away from Trisuli High way, Goldhunga, Kathmandu",0,3,2,0,13,Blacktopped,0.583333333,1197.87,17800000
4,4,2,4,"Dhapasi, Basundhara, Kathmandu",16,,,,14,Blacktopped,2,2916,70000000
4,3,3,0,"Nayabasti, Imadol, Lalitpur",0,2,2,0,13,Gravelled,2,855.62,15000000
4,4,3,2,"Sital Height, Imadol, Imadol, Lalitpur",0,3,2,0,13,Soil Stabilized,0.666666667,1197.87,22500000
6,6,3,1,"Na, Tokha, Kathmandu",4,,,,13,Blacktopped,2,729,29000000
6,5,4,0,"Khumaltar, Khumaltar, Lalitpur",0,6,1,0,13,Soil Stabilized,2,2139.06,37500000
5,4,2,0,"Galkhutar naranthan, Mandikatar, Kathmandu",5,,,,13,Blacktopped,0.333333333,911.25,35000000
6,3,N/A,0,"Nearby, Musiam, Chhauni, Kathmandu",3,3,1,,11,Blacktopped,2,1659.06,22500000
5,2,2.5,2,"chhauni, Chhauni, Kathmandu",0,4,2,2,8,Paved,1,1582.9,27000000
2,1,1.5,1,"Nearby Green hill city, Imadol, Lalitpur",0,2,2,0,16,Gravelled,2,855.62,11000000
7,8,2,4,"Tahachal, Tahachal, Kathmandu",0,5,2,0,15,Concrete,1,1882.37,55000000
5,3,2,1,"Syano Bharyang, Swayambhu, Kathmandu",6,,,,13,Gravelled,0.583333333,1093.5,50000000
0,3,3,2,"Budhanilkantha-2, Budhanilkantha, Kathmandu",5,5,,,15,Paved,0.583333333,2622.5,37500000
5,5,3,2,"Na, Naya Bazar, Kathmandu",5,,,,20,Blacktopped,2,911.25,35000000
2,1,1,0,"Sitapakha, Imadol, Lalitpur",0,3,3,3,13,Gravelled,2,1347.6,13000000
0,3,3,1,"Imadol, near tempo park, Imadol, Lalitpur",0,4,0,0,12,Soil Stabilized,2,1369,21000000
7,6,4,1,"Banasthali, Banasthali, Kathmandu",0,5,0,0,16,Blacktopped,2,1711.25,37000000
6,6,3,2,"NA, Hattigauda, Kathmandu",5,,,,14,Blacktopped,2,911.25,26500000
2,1,2,1,"Dotel Dairy, Gothatar, Gothatar, Kathmandu",0,3,1,0,13,Blacktopped,0.666666667,1112.31,15800000
7,3,N/A,0,"Imadol, Imadol, Lalitpur",0,2,2,2,16,Soil Stabilized,0.75,898.4,18000000
5,2,2,0,"Thapathali, Thapathali, Kathmandu",0,4,3,3,14,Soil Stabilized,3,1689.85,40100000
4,4,3,1,"Buddha Colony, Buddha Party Palace, Imadol, Imadol, Lalitpur",0,3,2,0,13,Gravelled,0.5,1197.87,22500000
2,1,1,1,"Banbatika, Thali, Kathmandu",0,4,0,0,18,Gravelled,1,1369,15000000
5,3,2.5,3,"Bafal, Bafal, Kathmandu",0,3,2,0,13,Blacktopped,1,1197.87,22500000
4,4,3,1,"Sital Height, Imadol, Imadol, Lalitpur",0,3,0,0,13,Gravelled,0.666666667,1026.75,21500000
9,3,3,0,"Narayantar, Jorpati, Kathmandu",3,,,,10,Gravelled,2,546.75,16500000
5,4,3,1,"Thapa chowk, Sitapaila, Kathmandu",0,4,1,1,13,Soil Stabilized,3,1475.95,25500000
4,4,N/A,1,"Sainbu, Bhaisepati, Lalitpur",0,6,0,0,20,Blacktopped,2,2053.5,37100000
5,5,3,1,"Na, Budhanilkantha, Kathmandu",4,5,,,14,Paved,2,2440.25,31000000
5,2,2.5,3,"Raniban, Raniban, Kathmandu",0,4,2,0,15,Concrete,1,1540.12,30000000
5,6,3,3,"Na, Budhanilkantha, Kathmandu",6,,,,13,Paved,2,1093.5,45000000
5,3,2.5,1,"Opposite of Green Hill City, Imadol, Lalitpur",0,3,0,0,13,Gravelled,1,1026.75,20000000
5,5,3,0,"Maharajgunj, Maharajgunj, Kathmandu",9,,,,13,Blacktopped,2,1640.25,70000000
6,6,3,5,"Budhanilkantha, Budhanilkantha, Kathmandu",8,,,,20,Soil Stabilized,0.666666667,1458,35000000
4,3,3,1,"Chandragiri-12, Chandragiri, Kathmandu",0,2,2,0,13,Gravelled,1,855.62,12900000
6,5,3,3,"Bhimsengola, Bhimsengola, Baneshwor, Kathmandu",0,4,0,0,15,Blacktopped,2,1369,38700000
6,3,2.5,6,"Inside Narayani Petrol pump, Bafal, Kathmandu",0,4,0,0,16,Blacktopped,1,1369,31000000
10,4,3,0,"Rupandehi, Butwal, Butwal",7,,,,20,Gravelled,2,1275.75,25000000
4,3,2.5,3,"Gongabu Ring Road, Baniyatar, Kathmandu",0,2,3,2,15,Blacktopped,1,983.96,19000000
4,4,3,2,"Binayak tol , Imadol E Block, Mahalaxmisthan, Lalitpur",4,,,,13,Soil Stabilized,0.166666667,729,26500000
4,5,2.5,1,"Nayabasti, Imadol, Lalitpur",0,4,0,0,20,Gravelled,2,1369,21000000
3,3,N/A,0,"Shreetole Height home, Basundhara, Kathmandu",3,,,,12,Soil Stabilized,2,546.75,19900000
6,3,3,2,"Near ICIMOD, Dhapakhel, Lalitpur, Dhapakhel, Lalitpur",0,5,0,0,13,Blacktopped,0.166666667,1711.25,28000000
6,4,3,1,"Mandikatar, Mandikatar, Kathmandu",3,1,,,13,Blacktopped,2,889,19900000
7,3,3,1,"New Baneshwor, Shantinagar, Kathmandu",0,7,3,0,13,Blacktopped,2,2652.43,43500000
4,4,2,4,"Manahari, Hetauda, Makwanpur",0,4,0,0,14,Paved,2,1369,20000000
5,4,N/A,1,"I.J pioneer school, Hattiban, Lalitpur",0,4,3,0,16,Gravelled,2,1625.68,37500000
4,1,1,0,"Tikathali, Tikathali, Lalitpur",3,2,,,10,Soil Stabilized,2,1231.25,9000000
6,6,3,1,"Na, Budhanilkantha, Kathmandu",4,,,,13,Paved,2,729,26500000
3,3,3,1,"Harisiddhi, Harisiddhi, Lalitpur",0,3,0,3,18,Soil Stabilized,2,1090.92,20000000
7,4,3,2,"Sangam phat, Futung(opposite Bhatkeko pul), Tarkeshwor, Kathmandu",5,1,,,12,Gravelled,1,1253.5,25000000
2,3,3,0,"Basundhara, Basundhara, Kathmandu",5,,,,14,Blacktopped,2,911.25,37500000
5,5,3,2,"Manahara, Pepsicola, Kathmandu, Pepsicola, Kathmandu",0,3,2,0,11,Gravelled,0.416666667,1197.87,23000000
6,4,3,4,"Madole, Sitapaila, Kathmandu",0,6,0,0,10,Soil Stabilized,1,2053.5,29000000
5,6,3,3,"Na, Budhanilkantha, Kathmandu",6,,,,18,Blacktopped,1,1093.5,47500000
5,5,3,1,"na, Bhangal, Kathmandu",3,5,,,14,Gravelled,2,2258,17900000
6,5,3,2,"New Colony, Ganesh Chowk, Budhanilkantha, Kathmandu, Budhanilkantha, Kathmandu",0,4,0,0,13,Gravelled,0.666666667,1369,37500000
2,1,2,1,"Bashundhara, Kathmandu, Basundhara, Kathmandu",0,5,5,0,12,Soil Stabilized,0.416666667,2139.05,35000000
5,5,3,1,"Sundarbasti, Bhangal, Kathmandu",3,5,,,13,Gravelled,2,2258,21500000
5,3,2.5,2,"Kantipur college, Lubhu, Lalitpur",0,3,2,0,20,Blacktopped,2,1197.87,17000000
5,5,3,1,"Na, Kapan, Kathmandu",3,2,,,13,Blacktopped,2,1231.25,18200000
4,4,N/A,0,"Budhanilkantha, Budhanilkantha, Kathmandu",0,8,1,2,13,Blacktopped,0.166666667,2866.34,55000000
5,4,3,0,"Hattigauda, Hattigauda, Kathmandu",5,,,,15,Gravelled,2,911.25,32000000
7,7,3,4,"Na, Dhapasi, Kathmandu",12,,,,20,Blacktopped,2,2187,69000000
6,5,3,1,"Payutar, Kapan, Kathmandu",5,,,,14,Gravelled,2,911.25,22000000
5,4,2.5,1,"Sital Height, Imadol, Lalitpur",0,4,0,2,13,Gravelled,1,1411.78,23500000
4,4,2,2,"Bhalwari, Sakhuwani, Bewara, Tillotama, Butwal",0,1,10,,20,Gravelled,0.833333333,1197.85,30000000
0,4,3,1,"Ochu Height, Imadol, Lalitpur",3,1,2,,13,Gravelled,2,1060.12,19000000
3,4,6,1,"Thanabahal, Chikanmugal-23, Basantapur, Kathmandu, Nepal, Basantapur, Kathmandu",0,1,0,0,10,Paved,0.583333333,342.25,22500000
4,3,N/A,3,"Sukhedhara, Sukedhara, Kathmandu",0,7,0,0,16,Paved,0.008219178,2395.75,70000000
4,5,3,3,"Na, Golfutar, Kathmandu",9,,,,15,Soil Stabilized,2,1640.25,47500000
4,4,3,3,"kusunti, Kusunti, Lalitpur",0,5,2,2,13,Blacktopped,1,1925.15,36500000
5,6,3,3,"Maharajgunj, Maharajgunj, Kathmandu",6,5,,,15,Blacktopped,2,2804.75,65000000
4,5,3,1,"N, Chandol, Kathmandu",4,,,,16,Blacktopped,1,729,33500000
6,5,3,2,"Na, Hattigauda, Kathmandu",5,,,,13,Blacktopped,1,911.25,31000000
5,7,3,2,"NA, Budhanilkantha, Kathmandu",6,,,,14,Blacktopped,1,1093.5,36000000
5,4,N/A,2,"House sale chandol banla, Chandol, Kathmandu",0,5,3,0,15,Gravelled,1,1967.93,42500000
5,4,3,2,"Narephant Jadibuti Koteshwor, Narephate, Kathmandu",0,4,1,0,12,Paved,1,1454.56,50000000
6,6,3,3,"Na, Sukedhara, Kathmandu",6,,,,20,Blacktopped,2,1093.5,45000000
4,4,2,1,"Imadol, Baghdol, Lalitpur",0,3,2,3,20,Gravelled,2,1262.04,19500000
6,6,3,2,"Na, Bhangal, Kathmandu",4,,,,14,Gravelled,2,729,27500000
6,7,N/A,1,"Bhim Nidhi Tiwari Marg, Pingalasthan, Gaushala, Kathmandu",0,5,0,0,20,Blacktopped,0.166666667,1711.25,45000000
4,4,2,0,"Bhatkeko Party, Kirtipur, Kathmandu",6,,,,20,Soil Stabilized,3,1093.5,18000000
4,2,2,2,"Kimdol, Swayambhu, Kathmandu",3,1,,,18,Soil Stabilized,2,889,21000000
6,3,3,1,"Near Tikathali Wada Bhawan, Tikathali, Lalitpur",0,3,0,0,10,Soil Stabilized,1,1026.75,16500000
5,2,3,2,"Samakhusi, Samakhusi, Kathmandu",0,3,1,1,0,Soil Stabilized,2,1133.7,25500000
6,6,3,1,"NA, Samakhusi, Kathmandu",4,,,,15,Blacktopped,1,729,32000000
4,5,2,3,"Hattigauda, Hattigauda, Kathmandu",0,5,0,0,22,Gravelled,0.25,1711.25,26000000
2,1,1.5,1,"Nearby  Panityanki, Tikathali, Lalitpur",0,3,3,1,13,Gravelled,2,1304.82,12500000
9,4,3,1,"Thapagau, Baneshwor, Kathmandu",0,4,0,0,10,Blacktopped,1,1369,27000000
3,3,2,2,"Sirutar Futsal, Sirutar, Balkot, Bhaktapur, Sirutar, Bhaktapur",0,5,0,0,13,Paved,0.583333333,1711.25,26000000
4,3,N/A,2,"Bhudanilkantha, Budhanilkantha, Kathmandu",0,6,0,0,12,Paved,0.333333333,2053.5,47000000
5,4,2,4,"Hattiban, Hattiban, Lalitpur",0,5,0,0,14,Blacktopped,1,1711.25,46000000
6,5,3,1,"Na, Kapan, Kathmandu",4,,,,16,Blacktopped,2,729,27500000
0,3,N/A,2,"Tokha, Tokha, Kathmandu",0,4,0,0,14,Gravelled,0.083333333,1369,23000000
5,3,2.5,1,"Nearby Cozy Homes, Imadol, Lalitpur",0,3,1,0,20,Gravelled,2,1112.31,19500000
3,3,3,4,"Balaju, Boratar, Kathmandu MPC Ward no -16, Balaju, Kathmandu",6,,,,14,Gravelled,1,1093.5,25000000
7,4,3.5,1,"Darjeling Height, Sipadol, Bhaktapur",0,3,0,0,20,Gravelled,2,1026.75,19000000
2,2,N/A,0,"123, Goldhunga, Kathmandu",2,3,,,0,Gravelled,0.916666667,1391.25,9000000
5,3,N/A,1,"Imadol Setipakha, Imadol, Lalitpur",3,,,,12,Gravelled,1,546.75,15500000
4,3,3,0,"Near grande hospital, Dhapasi, Kathmandu",0,5,5,0,15,Soil Stabilized,3,2139.05,26000000
4,3,3,2,"Budhanilkantha  11, Budhanilkantha, Kathmandu",2,5,,,10,Gravelled,0.916666667,2075.75,16000000
6,3,3,1,"Pepsicola planning, Pepsicola, Kathmandu",0,4,3,0,10,Blacktopped,0.333333333,1625.68,27000000
5,5,3,1,"Na, Budhanilkantha, Kathmandu",4,,,,13,Blacktopped,2,729,32500000
5,5,3,2,"Na, Hattigauda, Kathmandu",5,5,,,13,Gravelled,2,2622.5,33500000
0,4,N/A,1,"House for sale in Halchowk, Kathmandu, Halchowk , Kathmandu",3,,,,10,Soil Stabilized,0.083333333,546.75,31000000
5,4,3,4,"Nilopul, Sukedhara, Sukedhara, Kathmandu",4,,,,0,Soil Stabilized,1,729,26000000
4,3,2.5,3,"Gairgaun, Nagarjun, Kathmandu",0,3,2,0,16,Blacktopped,1,1197.87,30000000
4,4,3,2,"Deuba Chowk, Budhanilkantha, Kathmandu, Budhanilkantha, Kathmandu",0,7,0,0,13,Gravelled,0.5,2395.75,57000000
5,5,3,3,"Na, Budhanilkantha, Kathmandu",7,,,,15,Blacktopped,1,1275.75,41000000
6,3,3,1,"Sipadol ,bhaktapur, Sipadol, Bhaktapur",0,3,2,0,10,Gravelled,1,1197.87,19500000
5,5,4,0,"Dadathok, Lubhu, Lalitpur, Lubhu, Lalitpur",0,3,2,1,13,Gravelled,1,1219.26,17000000
6,4,2.5,2,"Ganesh Chwok, Budhanilkantha, Kathmandu",0,3,2,0,13,Gravelled,1,1197.87,24500000
3,4,3,2,"Near Omshanti, Balkot, Bhaktapur",3,,,,10,Soil Stabilized,1,546.75,19000000
2,2,1,1,"bhadrakali imadol, Imadol, Lalitpur",3,,,,13,Blacktopped,2,546.75,10000000
6,7,3,1,"Na, Basundhara, Kathmandu",5,,,,15,Blacktopped,1,911.25,35000000
6,4,3,2,"Golfutar, Golfutar, Kathmandu",3,,,,13,Gravelled,2,546.75,18000000
8,5,N/A,1,"Saraswatinagar-6, Chabahil, Kathmandu",0,2,2,3,13,Paved,1,919.79,16500000
2,1,N/A,1,"Tikathali, Tikathali, Lalitpur",0,3,0,0,13,Soil Stabilized,0.75,1026.75,12200000
5,4,3,2,"United colony, Changathali, Mahalaxmi Nagarpalika, Lalitpur",0,5,2,0,15,Soil Stabilized,0.083333333,1882.37,37500000
4,4,2.5,1,"Mahalaxmi-05, Imadol, Lalitpur",0,3,0,0,13,Gravelled,1,1026.75,18500000
4,3,3,1,"Magargaun, Bhaisepati, Lalitpur, Bhaisepati, Lalitpur",0,3,3,0,13,Paved,0.25,1283.43,30000000
0,3,2,1,"Purano Naikap, Kalanki, Kathmandu",3,1,,,12,Soil Stabilized,0.166666667,889,19800000
5,5,3,3,"Na, Basundhara, Kathmandu",11,,,,16,Blacktopped,2,2004.75,50000000
2,2,1,1,"Na, Mandikatar, Kathmandu",3,1,,,13,Gravelled,2,889,14000000
4,1,1,2,"Gotthatar, Kadaghari, Kathmandu",3,,,,13,Soil Stabilized,2,546.75,12000000
5,6,3,1,"na, Budhanilkantha, Kathmandu",3,5,,,12,Blacktopped,2,2258,21800000
4,4,3,2,"imadol -4 lalitpur, Imadol, Lalitpur",3,5,,,13,Soil Stabilized,2,2258,19700000
5,4,2,1,"Gopal Chowk, Changathali (Near tikathali), Tikathali, Lalitpur",0,4,2,1,15,Soil Stabilized,1,1561.51,19500000
4,4,2.5,1,"Bhaisepati, Lalitpur, Bhaisepati, Lalitpur",0,4,0,0,14,Paved,1,1369,30000000
7,4,4,2,"Near madevsthan ,koteshwor, Kathmandu, Koteshwor, Kathmandu",5,5,,,20,Blacktopped,1,2622.5,46500000
5,3,2,3,"Bhaisepati, Bhaisepati, Lalitpur",0,4,1,1,20,Blacktopped,1,1475.95,27500000
4,4,2.5,1,"Nearby Buddha Party Palace, Imadol, Lalitpur",0,3,2,0,13,Gravelled,1,1197.87,21400000
6,6,3,1,"Na, Tokha, Kathmandu",4,,,,14,Blacktopped,2,729,33500000
5,3,2.5,2,"Nearby Nagar Bikash Planning, Raniban, Kathmandu",0,4,2,0,10,Blacktopped,1,1540.12,23500000
6,4,3,1,"Ochu Height, Imadol, Lalitpur",0,4,0,0,13,Gravelled,2,1369,23500000
5,5,3,1,"Na, Basundhara, Kathmandu",2,5,,,14,Paved,2,2075.75,22500000
6,3,3,1,"shree tole, Basundhara, Kathmandu",3,,,,5,Soil Stabilized,1,546.75,30000000
5,5,3,3,"Na, Sukedhara, Kathmandu",6,,,,14,Paved,1,1093.5,42000000
5,4,2,1,"House for sale chandol, Chandol, Kathmandu",0,4,0,0,12,Gravelled,0.833333333,1369,35000000
5,4,3,3,"Sundarbasti, Budhanilkantha, Kathmandu",4,,,,13,Soil Stabilized,2,729,19200000
6,4,3,2,"Ochu Height, Imadol, Lalitpur",0,4,0,0,13,Soil Stabilized,0.666666667,1369,29500000
2,1,1,0,"Sana Gaun, Imadol, Lalitpur",0,3,0,1,12,Soil Stabilized,2,1048.14,12000000
6,5,3,1,"Na, Grande Villa, Kathmandu",3,5,,,13,Gravelled,2,2258,25000000
4,3,3,1,"Chunikhel budhanilkantha, Budhanilkantha, Kathmandu",0,2,3,,14,Gravelled,1,941.18,42500000
5,3,3,5,"Hattiban, Harisiddhi, Lalitpur",0,3,2,0,13,Gravelled,0.416666667,1197.87,22000000
6,4,3,3,"Budhanilkantha, Budhanilkantha, Kathmandu",4,5,,,13,Soil Stabilized,2,2440.25,25000000
5,4,2.5,3,"Satungal, Satungal, Kathmandu",0,3,2,2,13,Blacktopped,1,1240.65,18000000
6,3,N/A,2,"Lolang Height, Tarkeshwor, Kathmandu",0,4,1,2,10,Paved,0.083333333,1497.34,18500000
4,3,2.5,1,"Bojepokhari, Imadol, Lalitpur",0,3,0,0,13,Gravelled,2,1026.75,18500000
4,5,3,1,"Na, Dhapasi, Kathmandu",3,,,,13,Blacktopped,1,546.75,21000000
6,4,3,0,"Krishna Mandir Area, Imadol, Lalitpur",0,3,2,0,13,Blacktopped,2,1197.87,27000000
8,3,3,1,"Nayabasti, planing, Guheshwori, Kathmandu",0,4,0,0,16,Blacktopped,2,1369,28500000
4,4,N/A,4,"Thapa chowk, Sitapaila, Kathmandu",3,,,,12,Soil Stabilized,1,546.75,20300000
7,6,3,3,"Na, Chapali, Kathmandu",8,5,,,13,Gravelled,2,3169.25,42000000
2,1,1.5,1,"Opposite of Green hill city, Imadol, Lalitpur",0,3,1,0,13,Gravelled,2,1112.31,12500000
6,3,3,2,"House, Mandikatar, Kathmandu",5,,,,13,Gravelled,2,911.25,27800000
6,3,3,0,"Narayan chowk, Kapan, Kathmandu",0,6,,,8,Soil Stabilized,3,2053.5,29500000
3,4,N/A,1,"Tahachal, Tahachal, Kathmandu",3,5,,,0,Soil Stabilized,2,2258,27000000
3,2,2,1,"Imadol, Imadol, Lalitpur",0,2,0,3,18,Blacktopped,1,748.67,13500000
8,7,4,1,"Na, Mandikatar, Kathmandu",4,,,,20,Blacktopped,2,729,32500000
6,3,3.5,1,"Nearby Suncity Apartment, Kadaghari, Kathmandu",0,3,0,1,13,Gravelled,1,1048.14,19000000
4,5,3,1,"Imadol, Imadol, Lalitpur",0,3,0,1,20,Blacktopped,2,1048.14,19200000
2,1,1,0,"Gurujudhara, Gurujudhara, Kathmandu",0,3,1,0,10,Gravelled,2,1112.31,8500000
3,4,3,2,"Na, Hattigauda, Kathmandu",4,2,,,20,Gravelled,1,1413.5,28000000
4,4,2,1,"Budhanilkantha, Budhanilkantha, Kathmandu",0,8,2,0,13,Soil Stabilized,0.583333333,2909.12,55000000
4,4,3,1,"Khokana Dobato, Bhaisepati, Lalitpur",0,8,2,0,16,Concrete,2,2909.12,39077000
6,3,N/A,1,"Kalanki, Syuchatar, Kathmandu",3,,,,13,Blacktopped,0.666666667,546.75,22500000
2,1,1.5,1,"Opposite of Green hill city, Imadol, Lalitpur",0,3,1,2,13,Gravelled,2,1155.09,12500000
5,5,3,3,"Na, Budhanilkantha, Kathmandu",7,5,,,20,Paved,2,2987,40000000
7,4,3,6,"Chamati, Banasthali, Kathmandu",0,9,5,0,14,Blacktopped,1,3508.05,50000000
3,3,N/A,1,"Ichadol, Sitapaila, Kathmandu",3,,,,0,Soil Stabilized,0.083333333,546.75,13500000
8,6,4,1,"Bhaisepati,sainbu,pragatinagar, Bhaisepati, Lalitpur",0,7,1,0,12,Blacktopped,2,2481.31,37500000
4,4,3,1,"Naakhu, Nakkhu, Lalitpur",0,4,0,0,16,Gravelled,2,1369,26500000
5,5,N/A,0,"Dakshinamurti Marg, Gaushala, Kathmandu",4,,,,18,Blacktopped,0.75,729,38500000
5,5,2,6,"Na, Pasikot, Kathmandu",12,,,,22,Blacktopped,2,2187,55000000
8,4,2,1,"House for sale gaurighat, Guheshwori, Kathmandu",0,2,2,3,13,Gravelled,1,919.79,21500000
5,2,2,3,"Sanogau, Sano Gaun, Lalitpur",0,4,0,0,20,Gravelled,1,1369,21500000
6,3,2,1,"Nearby Mahadev Mandir, Koteshwor, Kathmandu",0,3,0,0,13,Blacktopped,1,1026.75,18000000
6,3,3,1,"290, ???????? ?????, ????????? ??????, Kageshwari-Manohara, Kathmandu",0,3,0,1,13,Gravelled,1,1048.14,18500000
6,5,3,2,"Inside Cozy Homes, Imadol, Lalitpur",0,5,1,0,13,Gravelled,1,1796.81,32500000
0,3,N/A,0,"Kapan, Kapan, Kathmandu",6,,,,0,Paved,3,1093.5,31000000
7,5,3,1,"Height, Baniyatar, Kathmandu",5,,,,11,Paved,0.5,911.25,25000000
4,3,2.5,2,"Ochu Height, Imadol, Lalitpur",0,3,2,0,13,Gravelled,2,1197.87,19000000
9,7,N/A,0,"Lazimpat, Lazimpat, Kathmandu",5,,,,13,Soil Stabilized,2,911.25,27500000
7,6,3,2,"Budhanilkantha, Pasikot, Kathmandu",5,,,,12,Gravelled,1,911.25,35000000
5,4,2.5,1,"Shantinagar, baneshwor, Baneshwor, Kathmandu",8,,,,10,Gravelled,1,1458,47500000
7,4,4,1,"Gongabu, Gongabu, Kathmandu",3,5,,,20,Gravelled,0.833333333,2258,25000000
4,4,N/A,1,"na, Sitapaila, Kathmandu",4,,,,15,Gravelled,2,729,20500000
7,5,3,1,"NA, Ekatabasti, Kathmandu",4,,,,13,Blacktopped,2,729,29900000
7,5,3,3,"Mahendra pul, Ranipauwa, Pokhara",6,5,,,20,Gravelled,2,2804.75,37000000
5,4,N/A,2,"n, Hattigauda, Kathmandu",11,,,,13,Blacktopped,1,2004.75,42000000
5,5,3,2,"NA, Budhanilkantha, Kathmandu",4,,,,15,Paved,2,729,29800000
5,3,3,0,"Kapan, Shivapuri chowk, Budhanilkantha, Kathmandu",0,4,0,3,13,Soil Stabilized,0.25,1433.17,28000000
6,4,2.5,4,"Nearby Ring Road, Sanobharyang, Kathmandu",0,3,2,0,13,Blacktopped,1,1197.87,23000000
5,6,3,2,"Na, Golfutar, Kathmandu",4,,,,20,Blacktopped,2,729,37000000
7,4,3.5,2,"Sital height, Imadol, Lalitpur",0,4,2,0,13,Gravelled,2,1540.12,22000000
5,5,4,1,"Na, Golfutar, Kathmandu",4,,,,15,Soil Stabilized,1,729,26000000
0,2,3,1,"Tarkeshwor, Tarkeshwor, Kathmandu",3,1,,,20,Blacktopped,2,889,17000000
4,3,3,0,"Mandikatar, Mandikatar, Kathmandu",3,13,,,12,Soil Stabilized,2,4996,22500000
1,1,1,1,"Kavresthali, Tarakeshwar, Kathmandu",0,2,2,3,10,Gravelled,2,919.79,12000000
5,6,3,2,"Na, Budhanilkantha, Kathmandu",6,,,,18,Soil Stabilized,1,1093.5,47500000
3,4,N/A,1,"Budhanilkantha, Budhanilkantha, Kathmandu",5,,,,20,Paved,0.916666667,911.25,40000000
4,4,3,1,"NA, Golfutar, Kathmandu",5,5,,,20,Blacktopped,1,2622.5,43000000
7,2,2,3,"Sano Bharayagn, Sanobharyang, Kathmandu",0,3,3,3,16,Gravelled,1,1347.6,31500000
2,1,1,1,"Kapan, Budanilkantha-11, Kapan, Kathmandu",3,,,,10,Soil Stabilized,2,546.75,10600000
4,3,3,4,"Bhaisipati, Bhaisepati, Lalitpur",0,4,0,0,18,Gravelled,1,1369,31000000
2,1,N/A,1,"Tikathali, Tikathali, Lalitpur",0,3,0,0,10,Soil Stabilized,0.75,1026.75,13200000
6,6,3,2,"NA, Budhanilkantha, Kathmandu",4,5,,,14,Gravelled,2,2440.25,27000000
5,4,3,3,"Dholahity, Satdobato, Lalitpur",0,3,0,1,16,Soil Stabilized,2,1048.14,20000000
5,6,3,2,"Na, Budhanilkantha, Kathmandu",7,5,,,14,Gravelled,1,2987,55000000
5,5,3,2,"Na, Budhanilkantha, Kathmandu",8,5,,,13,Gravelled,2,3169.25,49000000
8,4,3,3,"Dallu, Dallu, Kathmandu",0,5,1,3,15,Gravelled,1,1860.98,37000000
5,2,2,2,"Nagarjung, Nagarjun, Kathmandu",5,0,0,,13,Gravelled,1,911.25,31500000
3,3,N/A,3,"shantinagar, Dhapakhel, Lalitpur",6,,,,13,Gravelled,2,1093.5,42500000
5,3,2.5,0,"Golfutar, Golfutar, Kathmandu",4,,,,15,Blacktopped,2,729,29000000
8,8,N/A,4,"Pasikot, Budhanilkantha, Kathmandu",8,,,,16,Soil Stabilized,1,1458,39000000
5,5,2.5,1,"opposite of Nepal Rastra Bank, Baluwatar, Kathmandu",0,6,0,0,13,Blacktopped,2,2053.5,60000000
4,3,2.5,1,"Nearby, Buddha party palace, Imadol, Lalitpur",0,3,0,0,13,Gravelled,2,1026.75,19000000
5,5,3,4,"Na, Chapali, Kathmandu",12,,,,15,Blacktopped,2,2187,68000000
2,1,N/A,1,"Tikathali, Tikathali, Lalitpur",0,3,3,0,13,Soil Stabilized,0.75,1283.43,14500000
3,4,2.5,1,"Nearby Sumeru Hospital, Dhapakhel, Lalitpur",0,2,2,0,12,Blacktopped,2,855.62,17700000
5,4,4,7,"Tikhedewal, Lalitpur, Nakhipot, Lalitpur",0,3,2,0,13,Gravelled,0.833333333,1197.87,26500000
7,2,N/A,0,"Nearby LRI School, Kalanki, Kathmandu",3,5,,,13,Soil Stabilized,2,2258,15500000
5,4,N/A,2,"Bagmati, Budhanilkantha, Kathmandu",6,3,,,20,Soil Stabilized,0.166666667,2120.25,68500000
5,4,3,1,"Buddha Marga, Narephant, Narephate, Kathmandu",4,,,,14,Blacktopped,0.416666667,729,31500000
9,4,3,3,"Samakhusi Kharibot, Samakhusi, Kathmandu",3,,,,13,Blacktopped,2,546.75,22500000
10,4,3,0,"Chuchhepati, Chabahil, Kathmandu",4,5,,,20,Soil Stabilized,3,2440.25,35000000
4,6,3,4,"NA, Budhanilkantha, Kathmandu",10,,,,15,Blacktopped,2,1822.5,62000000
5,3,2.5,3,"Imadol, Imadol, Lalitpur",0,3,2,0,20,Gravelled,1,1197.87,25000000
2,1,1,0,"Nearby,  Grandy Hospital, Tokha, Kathmandu",3,,,,13,Gravelled,2,546.75,11500000
4,3,N/A,2,"Sano Bharyang, Sanobharyang, Kathmandu",0,3,2,0,14,Blacktopped,0.25,1197.87,29000000
4,3,3,0,"Imadol Swimming Pool, Imadol, Lalitpur",0,3,3,0,20,Gravelled,2,1283.43,23500000
5,6,3,2,"Na, Baluwatar, Kathmandu",6,,,,14,Blacktopped,2,1093.5,61000000
7,4,4,1,"Makalbari, Makalbari, Kathmandu",0,3,1,3,14,Soil Stabilized,2,1176.48,22500000
3,2,2.5,1,"Gwarko Colony, Gwarko, Lalitpur",0,3,0,1,13,Blacktopped,2,1048.14,21000000
6,4,N/A,1,"???????????-?, ????????? ??????? ????? ????????? ??? ?????? ????, Budhanilkantha, Kathmandu",0,4,2,2,13,Blacktopped,1,1582.9,30000000
4,1,N/A,3,"Thankot checkpost, Thankot, Kathmandu",4,,,,11,Soil Stabilized,0.666666667,729,15500000
6,6,3,2,"Na, Kapan, Kathmandu",4,5,,,13,Gravelled,1,2440.25,28500000
5,2,2.5,1,"Narepthat- 32, Jadibuti., Narephate, Kathmandu",0,2,3,0,13,Paved,2,941.18,22000000
5,3,2.5,1,"Prayag Marga-34, Shantinagar, Kathmandu",0,5,0,0,15,Blacktopped,2,1711.25,33000000
5,5,3,1,"Na, Hattigauda, Kathmandu",4,,,,15,Gravelled,2,729,28500000
4,5,3,1,"Na, Kapan, Kathmandu",3,,,,16,Gravelled,2,546.75,17000000
4,6,3,2,"N, Budhanilkantha, Kathmandu",7,3,,,20,Blacktopped,1,2302.5,59000000
4,4,2.5,0,"Nearby of Medicity Hospital, Nakkhu, Lalitpur",4,2,,,14,Gravelled,2,1413.5,25500000
7,6,3,1,"tokha, Tokha, Kathmandu",0,5,2,0,18,Soil Stabilized,1,1882.37,25000000
3,1,N/A,1,"Kadaghari, Kadaghari, Kathmandu",0,4,0,0,10,Soil Stabilized,0.75,1369,11300000
2,1,1.5,1,"nearby Pawan prakriti school., Imadol, Lalitpur",0,3,0,0,13,Gravelled,2,1026.75,12000000
2,2,N/A,1,"Shankhamul, Patan, Lalitpur",0,2,3,1,13,Soil Stabilized,2,962.57,17600000
6,6,3,1,"Na, Budhanilkantha, Kathmandu",3,1,,,18,Blacktopped,2,889,22500000
6,3,3,1,"Dhalpa-4 ( Sital Basti), Kirtipur, Kathmandu",0,3,3,,12,Gravelled,1,1283.43,17000000
8,7,4,8,"Janakinagar, Nepathya College (RR Path), Butwal, Butwal",15,,,,20,Soil Stabilized,1,2733.75,39000000
4,4,3,1,"Sital Height, Imadol, Lalitpur",0,3,0,0,13,Gravelled,2,1026.75,23500000
5,4,2.5,1,"Krishna Mandir, Imadol, Lalitpur",0,3,2,0,13,Blacktopped,1,1197.87,28700000
4,3,3,2,"Thaiba, Lalitpur, Thaiba, Lalitpur",0,3,0,2,20,Gravelled,1,1069.53,17000000
5,5,3,2,"Na, Swayambhu, Kathmandu",7,,,,14,Paved,2,1275.75,39000000
4,3,2.5,1,"Sital Height, Imadol, Lalitpur",0,3,1,2,13,Gravelled,2,1155.09,17000000
3,3,2,1,"New Colony, Budhanilkantha, Budhanilkantha, Kathmandu",0,4,5,0,18,Soil Stabilized,2,1796.8,28500000
4,4,2.5,1,"Imadol, Mahalaxmi-05, Imadol, Lalitpur",0,3,2,0,13,Gravelled,1,1197.87,23500000
4,4,3,2,"Wasa hiti, Thaiba, Lalitpur",0,4,0,1,13,Gravelled,2,1390.39,19000000
5,5,3,1,"Sundarbasti, Bhangal, Kathmandu",3,5,,,13,Gravelled,2,2258,21500000
5,3,3,3,"Sanobharyang, Sanobharyang, Kathmandu",0,3,1,0,14,Blacktopped,1,1112.31,23000000
4,3,2.5,1,"Sanagaun height, Imadol, Lalitpur",0,3,2,0,20,Gravelled,2,1197.87,19500000
3,3,3,0,"Basundhara, Basundhara, Kathmandu",3,5,,,12,Soil Stabilized,2,2258,26000000
5,3,3,1,"Imadol, Imadol, Lalitpur",3,,,,12,Gravelled,1,546.75,16000000
0,3,N/A,1,"Na, Baluwatar, Kathmandu",2,5,,,12,Blacktopped,1,2075.75,22000000
3,5,3,1,"Bhaisepati, Bhaisepati, Lalitpur",0,4,2,0,18,Blacktopped,2,1540.12,28500000
2,1,1,1,"Nagpokhari road, Tarkeshwor, Kathmandu",3,1,0,,0,Soil Stabilized,2,889,13000000
2,1,1.5,1,"Boje Pokhari, Imadol, Lalitpur",0,3,0,3,10,Gravelled,2,1090.92,12700000
2,1,N/A,1,"Chunikhel, 13 Budhanilkantha, Budhanilkantha, Kathmandu",0,3,1,,13,Soil Stabilized,0.583333333,1112.31,16000000
6,3,N/A,3,"Dhapasi Height, Dhapasi, Kathmandu",0,4,0,0,13,Paved,1,1369,24500000
6,3,2.5,2,"Basundhara, Basundhara, Kathmandu",0,5,2,0,15,Gravelled,0.333333333,1882.37,32500000
6,3,N/A,1,"3km far from Satungal chowk, Matatirtha, Kathmandu",0,5,0,0,12,Soil Stabilized,1,1711.25,20000000
5,6,3,3,"Na, Dhapasi, Kathmandu",8,,,,22,Blacktopped,2,1458,65000000
7,4,3,4,"Kalanki, Kalanki, Kathmandu",6,1,,,14,Soil Stabilized,3,1435.75,38000000
6,5,3,1,"na, Swayambhu, Kathmandu",3,,,,13,Paved,2,546.75,23500000
2,1,1.5,2,"Birendrachwok, Planning, Kadaghari, Kathmandu",0,4,0,0,20,Gravelled,2,1369,15500000
5,3,3,0,"Imadol, Imadol, Lalitpur",0,3,2,0,13,Gravelled,2,1197.87,19500000
6,3,2,2,"New colony, Sukedhara, Kathmandu",3,,,,14,Blacktopped,2,546.75,21000000
8,3,4,1,"Chundevi, Chundevi, Kathmandu",4,,,,14,Gravelled,2,729,31000000
9,5,4,1,"Balkumari, Patan, Lalitpur",0,3,3,0,13,Soil Stabilized,1,1283.43,28000000
4,4,3,1,"Sital Height, Imadol, Lalitpur",0,3,2,2,13,Gravelled,2,1240.65,32500000
2,1,1.5,1,"Panityanki, Tikathali, Lalitpur",0,3,0,0,13,Gravelled,2,1026.75,11000000
3,2,2,3,"Tikathali, Tikathali, Lalitpur",0,4,0,0,13,Gravelled,2,1369,17000000
5,7,4,4,"Na, Gairidhara, Kathmandu",5,,,,15,Paved,1,911.25,53500000
7,5,4,1,"Balaju, Balaju, Kathmandu",3,,,,13,Soil Stabilized,2,546.75,25000000
5,4,N/A,0,"Nearby, Talimkendra, Bhaisepati, Lalitpur",4,,,,13,Blacktopped,2,729,26000000
3,4,2,4,"Thulo Bharyang, Thulo Bharyang, Kathmandu",0,6,25,0,20,Soil Stabilized,3,4192.5,70000000
5,5,3,2,"na, Ekatabasti, Kathmandu",5,5,,,13,Blacktopped,2,2622.5,36000000
2,1,1,1,"Nearby Cozy Homes, Imadol, Lalitpur",0,3,0,0,20,Gravelled,2,1026.75,12500000
2,1,1.5,1,"Opposite of Buddha Party Palace, Imadol, Lalitpur",0,3,0,0,13,Gravelled,1,1026.75,12500000
4,2,N/A,1,"124, Balkot, Bhaktapur",3,,,,13,Gravelled,2,546.75,15500000
4,4,2.5,1,"Sanagaun Height, Imadol, Lalitpur",0,3,1,1,20,Gravelled,1,1133.7,19000000
7,5,3,2,"kalanki, Syuchatar, Kathmandu",4,,,,13,Gravelled,1,729,25000000
9,4,N/A,0,"Baniyatar, Baniyatar, Kathmandu",5,,,,10,Soil Stabilized,2,911.25,28500000
5,6,3,2,"Na, Samakhusi, Kathmandu",7,,,,14,Blacktopped,2,1275.75,55000000
6,3,2.5,1,"Imadol Swimming Pool, Imadol, Lalitpur",0,3,1,0,12,Gravelled,1,1112.31,19500000
4,5,2.5,1,"Nakkhu, Lalitpur, Nakkhu, Lalitpur",0,4,0,0,20,Gravelled,1,1369,29000000
0,4,N/A,0,"i ratopul, Maitidevi, Kathmandu",0,11,0,0,14,Blacktopped,1,3764.75,67500000
9,5,5,0,"House number 286, Dharmachakra Galli, Baghbazaar, Kathmandu",0,3,1,1,12,Gravelled,0.75,1133.7,35000000
6,6,3,2,"Bhangal, Bhangal, Kathmandu",4,5,,,20,Blacktopped,2,2440.25,28500000
6,6,6,1,"Na, Baluwatar, Kathmandu",5,1,,,13,Blacktopped,1,1253.5,55000000
5,5,3,3,"Na, Budhanilkantha, Kathmandu",8,,,,20,Blacktopped,2,1458,52500000
10,5,3,2,"Sankhamul budhanagar, Buddhanagar, Kathmandu",5,,,,16,Gravelled,1,911.25,56500000
3,2,2,0,"Sukedhara, Sukedhara, Kathmandu",3,1,,,24,Blacktopped,2,889,19000000
4,3,3,1,"Gardoi, Hetauda, Makwanpur",9,,,,19.68504,Gravelled,2,1640.25,15000000
7,6,3,2,"Sundar Basti Bhangal, Budhanilkantha, Kathmandu",5,,,,20,Blacktopped,2,911.25,29900000
6,3,2.5,2,"Kapan, Kathmandu, Kapan, Kathmandu",0,4,2,0,13,Gravelled,1,1540.12,27200000
4,2,1.5,1,"Green Village Society, Syuchatar, Kathmandu",0,4,3,0,18,Concrete,2,1625.68,16500000
4,3,3,2,"imadol -4 lalitpur, Imadol, Lalitpur",0,3,1,0,0,Blacktopped,2,1112.31,19000000
5,4,3,3,"phutung -7, Tarkeshwor, Kathmandu",0,4,2,1,12,Soil Stabilized,0.833333333,1561.51,25000000
5,3,2.5,1,"Opposite of Green Hill City, Imadol, Lalitpur",0,3,1,0,20,Gravelled,1,1112.31,25000000
5,5,3,3,"NA, Budhanilkantha, Kathmandu",8,,,,13,Gravelled,1,1458,42500000
0,3,3,2,"Sukedhara, Budhanilkantha, Kathmandu",4,1,,,13,Blacktopped,2,1071.25,23500000
6,6,3,2,"Na, Pepsicola, Kathmandu",6,5,,,16,Blacktopped,2,2804.75,58500000
5,4,3,4,"Brindaban Colony, Sukedhara, Kathmandu",15,,,,13,Gravelled,2,2733.75,52500000
6,5,3,1,"Na, Bhangal, Kathmandu",3,5,,,20,Gravelled,2,2258,21500000
4,2,1.5,1,"Jagadol, Jorpati, Kathmandu, Nepal, Jorpati, Kathmandu",0,5,0,0,13,Soil Stabilized,0.416666667,1711.25,16800000
6,2,3,1,"Pasikot, Pasikot, Kathmandu",0,3,2,0,12,Soil Stabilized,2,1197.87,17500000
4,3,3,2,"SANGAM AWASH GATE NO 3, Lalitpur, Lalitpur",0,3,2,0,0,Blacktopped,1,1197.87,26000000
4,4,6,0,"Kamalachhi-Ason, Ason, Kathmandu",1,,,,5,Paved,0.166666667,182.25,38000000
4,3,N/A,1,"Near Little Angel School, Hattiban, Lalitpur",0,2,2,0,13,Blacktopped,1,855.62,19000000
5,5,3,3,"Na, Maharajgunj, Kathmandu",9,,,,20,Blacktopped,2,1640.25,67500000
7,4,N/A,1,"nagarjuna -09, suichatar, in between gantabya driving centre and amar jyoti school, Kalanki, Kathmandu",4,,,,13,Soil Stabilized,1,729,25000000
0,2,N/A,1,"27.722922886517, Boudha, Kathmandu",6,5,,,0,Soil Stabilized,0.583333333,2804.75,45000000
5,5,3,4,"NA, Dhapasi, Kathmandu",14,,,,20,Blacktopped,2,2551.5,66000000
9,4,4,0,"Sukedhara, Sukedhara, Kathmandu",6,3,,,12,Soil Stabilized,2,2120.25,34500000
8,3,3,4,"Pasikot, Pasikot, Kathmandu",0,5,1,0,14,Soil Stabilized,1,1796.81,28000000
6,2,2,1,"Parasi 1 sanda, Nawalparasi, Nawalparasi",6,,,,0,Gravelled,0.916666667,1093.5,9000000
3,3,2.5,1,"Buddhanagar, Buddhanagar, Kathmandu",0,2,2,0,10,Paved,0.916666667,855.62,24500000
4,4,2.5,5,"Nakkhu, Nakkhu, Lalitpur",0,3,2,0,20,Gravelled,1,1197.87,26500000
6,5,3,1,"Na, Kapan, Kathmandu",4,,,,14,Blacktopped,2,729,26000000
4,4,3,2,"Sital Height, Imadol, Imadol, Lalitpur",0,3,2,0,13,Gravelled,0.666666667,1197.87,24500000
6,6,3,2,"Dahachowk, Khahare, Naikap, Kathmandu, Dahachowk, khahare, Kathmandu",0,5,1,0,14,Gravelled,0.5,1796.81,27000000
4,3,N/A,1,"imadol -4 lalitpur, Imadol, Lalitpur",3,5,,,0,Soil Stabilized,2,2258,19000000
7,4,2,1,"kalanki, Syuchatar, Kathmandu",4,,,,13,Gravelled,1,729,24500000
6,4,3,4,"Dhapakhel Height, Dhapakhel, Lalitpur",0,2,2,0,13,Gravelled,0.416666667,855.62,19000000
5,4,2,1,"kalanki, Syuchatar, Kathmandu",3,5,,,16,Blacktopped,1,2258,21000000
4,5,2.5,2,"Bhaisepati, Lalitpur, Bhaisepati, Lalitpur",0,3,2,1,20,Blacktopped,1,1219.26,24500000
4,5,3,1,"NA, Chappal Karkhana, Kathmandu",3,,,,13,Blacktopped,1,546.75,32000000
6,5,3,1,"Man, Bhangal, Kathmandu",3,1,,,12,Paved,2,889,19900000
6,6,N/A,1,"pasikot, Pasikot, Kathmandu",0,5,2,0,20,Soil Stabilized,2,1882.37,28500000
6,4,3,2,"Kalanki,kathmandu, Sitapaila, Kathmandu",4,,,,12,Paved,0.166666667,729,35500000
6,6,4,2,"Basundhara, Basundhara, Kathmandu",6,,,,15,Blacktopped,2,1093.5,42500000
4,4,N/A,1,"Sainbu, Bhaisepati, Lalitpur",0,5,1,0,20,Blacktopped,2,1796.81,34500000
7,3,2.5,2,"Sundar Tole, Makalbari, Kathmandu",0,4,1,1,10,Gravelled,2,1475.95,20000000
4,3,2.5,4,"Baniyatar, Baniyatar, Kathmandu",0,2,3,2,14,Gravelled,1,983.96,19000000
4,4,3,1,"Rudreshwor Chowk, Budhanilkantha, Kathmandu, Budhanilkantha, Kathmandu",0,8,0,0,20,Concrete,0.5,2738,45000000
7,2,N/A,0,"Naradevi kathmandu, Basantapur, Kathmandu",2,5,,,0,Gravelled,1,2075.75,16000000
2,1,1.5,2,"nearby Panityanki, Tikathali, Lalitpur",0,2,3,0,13,Gravelled,2,941.18,11000000
4,3,3,1,"Rudreshwor Chowk, Budhanilkantha, Kathmandu, Rudreshwor Chowk, Budhanilkantha, Kathmandu",0,4,0,0,14,Gravelled,0.5,1369,35000000
5,3,3,1,"Na, Swayambhu, Kathmandu",3,1,,,13,Soil Stabilized,2,889,20600000
4,3,3,0,"Dhapasi, Dhapasi, Kathmandu",3,1,,,13,Blacktopped,2,889,17000000
6,2,3,2,"Chaukot, Panauti, Kavre",0,8,0,0,20,Gravelled,0.666666667,2738,30000000
4,3,2.5,1,"Sanagaun Height, Imadol, Lalitpur",0,4,0,0,20,Gravelled,2,1369,21500000
6,3,3,3,"Samakhusi kharibot, Samakhusi, Kathmandu",4,,,,13,Blacktopped,2,729,27500000
6,3,2.5,5,"chamati, Chamati, Kathmandu",0,3,2,0,20,Blacktopped,1,1197.87,34000000
6,5,3,2,"NA, Bansbari, Kathmandu",8,,,,16,Gravelled,1,1458,45000000
5,6,3,4,"Na, Budhanilkantha, Kathmandu",19,,,,20,Gravelled,2,3462.75,55000000
7,3,3,0,"Raniban, Raniban, Kathmandu",6,,,,14,Soil Stabilized,2,1093.5,33500000
2,1,1,1,"Imadol,Anasari chowk, Imadol, Lalitpur",0,3,0,,15,Gravelled,1,1026.75,12500000
6,3,3,3,"Duwakot-NEC, Duwakot, Bhaktapur",4,,,,10,Gravelled,1,729,14500000
2,3,3,1,"Sikhar Tole, Bhadrakali Petrol Pump, Imadol, Lalitpur, Nepal, Imadol, Lalitpur",0,3,3,3,13,Gravelled,0.166666667,1347.6,27000000
0,4,N/A,4,"Bhrikutichowk, Kathmandu Nepal, Boudha, Kathmandu",0,3,0,0,12,Gravelled,2,1026.75,22500000
6,6,2.5,1,"Suncity Apartment, Pepsicola, Kathmandu",0,3,1,0,13,Blacktopped,1,1112.31,21500000
5,4,2.5,2,"Nearby Green Hill City, Imadol, Lalitpur",0,3,0,0,12,Gravelled,1,1026.75,21000000
6,5,3,2,"New Colony, Ganesh Chowk, Budhanilkantha, Kathmandu, Budhanilkantha, Kathmandu",0,4,0,0,13,Gravelled,0.666666667,1369,33500000
5,5,2,4,"Naya Naikap, Naikap, Kathmandu",0,2,3,0,13,Blacktopped,1,941.18,17000000
2,1,1,1,"Sychataar, Tarakeshwar, Kathmandu",0,4,0,0,13,Blacktopped,2,1369,11500000
5,6,3,5,"Prakritik Chowk, Banasthali, Kathmandu",0,5,3,0,20,Blacktopped,2,1967.93,39500000
5,5,3,1,"Na, Budhanilkantha, Kathmandu",6,,,,13,Blacktopped,2,1093.5,36000000
6,5,2,1,"Nearby Bhatbhateni, Naxal, Kathmandu",0,12,0,0,12,Blacktopped,2,4107,65000000
6,4,3.5,4,"Aakash Dhara, Kapan, Kathmandu",0,4,2,0,20,Gravelled,1,1540.12,42000000
7,6,3,1,"Na, Mandikatar, Kathmandu",4,,,,13,Gravelled,2,729,27600000
2,2,1,0,"Durga chowk Bargachi, Ganga Tole, Biratnagar",11,,,,14,Gravelled,0.5,2004.75,10500000
2,4,3,3,"Neuro Hospital, Basbari, Kathmandu",5,,,,13,Gravelled,2,911.25,28000000
6,4,N/A,2,"n, Hattigauda, Kathmandu",7,,,,13,Paved,1,1275.75,34000000
2,1,1,1,"Makalbari, Makalbari, Kathmandu",3,2,,,12,Gravelled,2,1231.25,10500000
4,4,3,1,"Na, Samakhusi, Kathmandu",3,,,,13,Blacktopped,1,546.75,34500000
4,3,2,1,"Near, Sarbotchrit School, Lubhu, Lalitpur",0,5,0,3,13,Soil Stabilized,3,1775.42,14500000
4,4,3,2,"sital height, Imadol, Lalitpur",0,3,0,0,13,Soil Stabilized,2,1026.75,16000000
6,6,3,2,"Na, Kapan, Kathmandu",6,,,,15,Blacktopped,1,1093.5,45000000
6,6,3,1,"NA, Sitapaila, Kathmandu",4,,,,13,Gravelled,2,729,25500000
6,4,4,0,"Nearby Colony home, Sukedhara, Kathmandu",4,,,,12,Soil Stabilized,2,729,27500000
5,2,3,6,"Aryalgaun, Narayantar, Jorpati, Kathmandu",0,2,3,0,8,Soil Stabilized,1,941.18,13000000
5,5,3,5,"Nakhipot, Kantipur colony, Nakhipot, Lalitpur",0,4,0,0,22,Blacktopped,0.5,1369,28500000
7,6,3,3,"Basundhara, Basundhara, Kathmandu",7,,,,20,Blacktopped,2,1275.75,41000000
3,4,2,1,"Aananda Colony, Bharatpur, Chitwan",0,0,11,5,19.68504,Soil Stabilized,2,1048.11,16000000
5,5,3,0,"NA, Baluwatar, Kathmandu",6,,,,13,Blacktopped,2,1093.5,60000000
9,3,3,2,"Chapali, Nearby Kunja Colony, Budhanilkantha, Kathmandu",0,3,0,0,13,Gravelled,1,1026.75,25000000
6,4,3,3,"Opposite of Grandy Hospital, Tokha, Kathmandu",7,5,,,15,Blacktopped,2,2987,53000000
5,5,3,2,"Baluwatar Area, Baluwatar, Kathmandu",0,6,2,0,20,Paved,0.666666667,2224.62,65000000
8,4,3,1,"Basukinagtole, Manamaiju, Kathmandu, Manamaiju, Kathmandu",0,4,0,2,16,Gravelled,2,1411.78,26000000
6,5,3,1,"Na, Sanobharyang, Kathmandu",3,1,,,14,Gravelled,2,889,22500000
5,5,3,3,"Na, Budhanilkantha, Kathmandu",8,,,,15,Blacktopped,2,1458,37000000
6,5,2.5,1,"near Aadeshwor Planning, Sitapaila, Kathmandu",0,4,0,0,14,Concrete,2,1369,21000000
5,3,3,1,"Nearby Greenhill city, Mulpani, Kathmandu",0,3,0,0,10,Soil Stabilized,3,1026.75,16500000
5,2,4,1,"changathali, Tikathali, Lalitpur",0,4,0,0,15,Gravelled,2,1369,20000000
5,4,N/A,1,"Sitapaila, Sitapaila, Kathmandu",0,4,2,0,13,Paved,1,1540.12,27000000
6,2,2,0,"Gothatar, kadaghari, kageshwori manohara, Kadaghari, Kathmandu",0,2,5,0,8,Paved,0.5,1112.3,13000000
4,4,2,6,"Balaju, Bohoratar, Kathmandu",10,,,,13,Blacktopped,0.5,1822.5,48500000
8,6,3,1,"Na, Mandikatar, Kathmandu",4,,,,20,Blacktopped,2,729,32500000
9,3,N/A,0,"Pipalbote, Illam, Illam",2,12,0,0,14,Blacktopped,0.416666667,4471.5,35000000
6,3,2.5,1,"Opposite of Green Hill city, Imadol, Lalitpur",0,3,2,0,20,Blacktopped,2,1197.87,22500000
3,1,1,0,"01 namgel, Gokarneshwor, Kathmandu",4,,,,14,Gravelled,0.916666667,729,13000000
4,2,3,0,"Budhanilkantha, Hattigauda, Kathmandu",0,2,2,0,8,Gravelled,1,855.62,15000000
4,2,3,0,"chamati, Chamati, Kathmandu",0,2,2,1,20,Blacktopped,1,877.01,21500000
6,6,3,4,"NA, Maligaon, Kathmandu",12,,,,14,Gravelled,2,2187,65000000
5,4,2.5,1,"Greenhill City, Greenhill city, Mulpani, Kathmandu",0,5,0,2,20,Blacktopped,1,1754.03,28000000
5,5,3,1,"Na, Basundhara, Kathmandu",4,1,,,16,Blacktopped,2,1071.25,29800000
6,5,3,1,"Na, Hattigauda, Kathmandu",4,,,,22,Gravelled,2,729,24500000
7,7,3,4,"Na, Basundhara, Kathmandu",10,,,,15,Blacktopped,2,1822.5,60000000
4,4,2.5,1,"Ramkot, Sitapaila, Kathmandu",0,3,3,0,13,Blacktopped,2,1283.43,20500000
5,6,3,2,"Na, Budhanilkantha, Kathmandu",5,,,,13,Blacktopped,2,911.25,33000000
4,3,2.5,1,"Nearby L.R.I School., Kalanki, Kathmandu",0,4,0,0,10,Blacktopped,2,1369,17000000
8,4,3,1,"Akasedhara, Sagarmatha chwok, Budhanilkantha, Kathmandu",0,3,2,0,10,Gravelled,2,1197.87,19000000
5,3,2.5,1,"Opposite of green hill city, Imadol, Lalitpur",0,3,1,0,20,Blacktopped,2,1112.31,21500000
4,4,N/A,2,"Sunakothi, Sunakothi, Lalitpur",6,2,,,0,Soil Stabilized,1,1778,36000000
5,3,2.5,1,"Sanagaun Height, Imadol, Lalitpur",0,3,2,0,20,Gravelled,2,1197.87,22000000
4,5,3,2,"Bhaisepati, Lalitpur, Bhaisepati, Lalitpur",0,4,0,0,20,Gravelled,1,1369,32500000
0,3,3,1,"Narefat, Koteshwor, Kathmandu",0,2,2,3,10,Blacktopped,1,919.79,33000000
6,5,3,1,"Na, Sukedhara, Kathmandu",3,5,,,15,Blacktopped,2,2258,30000000
6,6,3,2,"Na, Basundhara, Kathmandu",5,3,,,14,Blacktopped,2,1938,49000000
6,6,3,4,"Na, Budhanilkantha, Kathmandu",11,,,,15,Soil Stabilized,2,2004.75,60000000
4,5,3,3,"na, Budhanilkantha, Kathmandu",7,,,,15,Blacktopped,2,1275.75,45000000
6,3,3,2,"Jyotinagar Kapan, Kapan, Kathmandu",0,4,0,1,13,Blacktopped,0.5,1390.39,28000000
2,1,N/A,0,"Budhanilkantha, Pasikot, Kathmandu",0,4,3,0,12,Soil Stabilized,2,1625.68,13800000
5,4,3,1,"Gairhi marga, Satdobato, Lalitpur",0,4,3,0,10,Paved,1,1625.68,32500000
5,5,3,1,"Na, Dhungedhara, Kathmandu",3,,,,14,Gravelled,2,546.75,24000000
6,5,N/A,2,"Budhanilkantha, Budhanilkantha, Kathmandu",5,,,,16,Blacktopped,1,911.25,50000000
4,4,N/A,2,"Ichagu, Sitapaila, Sitapaila, Kathmandu",5,,,,15,Blacktopped,1,911.25,29000000
8,4,3,5,"Imadol, Lalitpur, Lalitpur",0,14,1,0,14,Blacktopped,1,4877.06,51000000
7,4,4,4,"Chyasal, Patan, Lalitpur",0,3,0,0,13,Soil Stabilized,1,1026.75,24000000
4,5,3,2,"Na, Baluwatar, Kathmandu",5,1,,,12,Paved,1,1253.5,55000000
4,3,3,1,"Harharmahadev, Pepsicola, Kathmandu",2,5,,,13,Gravelled,2,2075.75,13500000
10,6,3,4,"Suncity Planning, Pepsicola, Kathmandu",3,2,,,13,Soil Stabilized,2,1231.25,24000000
5,4,3,2,"Ganapati Basti, Rudreshwor Chowk, Budhanilkantha, Kathmandu",0,4,2,0,14,Soil Stabilized,0.416666667,1540.12,32500000
4,4,3,2,"Baluwatar Area, Baluwatar, Kathmandu",0,8,0,0,13,Blacktopped,0.666666667,2738,56000000
3,3,N/A,1,"Gwarko, Gwarko, Lalitpur",0,4,2,2,20,Blacktopped,2,1582.9,32500000
7,5,3,1,"Srijana Tole, Budhanilkantha, Kathmandu",5,,,,20,Gravelled,2,911.25,25500000
5,4,2,2,"Sundarbasti, Bhangal, Kathmandu",3,5,,,13,Gravelled,2,2258,21000000
2,1,1.5,1,"Nearby Pawan Pakriti School., Tikathali, Lalitpur",0,3,0,0,13,Gravelled,2,1026.75,12500000
2,1,N/A,1,"Tikathali, Tikathali, Lalitpur",0,3,2,0,13,Soil Stabilized,0.75,1197.87,14700000
4,3,3,1,"Dumadevi tole, mulpani, Kageshwari-Manohara, Kathmandu",0,2,0,1,10,Gravelled,1,705.89,12500000
4,4,3,1,"Buddha Colony, Buddha Party Palace, Imadol, Imadol, Lalitpur",0,3,0,0,13,Gravelled,0.5,1026.75,20500000
6,6,3,1,"Btisputali, Battisputali, Kathmandu",0,4,2,0,15,Gravelled,1,1540.12,43000000
5,3,3,5,"Chakupat, Chakupat, Lalitpur",0,4,3,0,13,Gravelled,1,1625.68,35000000
6,7,3,2,"Na, Golfutar, Kathmandu",6,,,,15,Blacktopped,2,1093.5,45000000
3,3,3,2,"Joranku, Joranku, Kathmandu",3,2,,,10,Soil Stabilized,2,1231.25,15000000
2,1,1.5,1,"Opposite of Green Hill City, Imadol, Lalitpur",0,3,0,0,13,Gravelled,1,1026.75,13500000
6,3,2,2,"Manakamana role, Birtamod Road, Itahari",8:05,,,,0,Blacktopped,1,61.3828125,17000000
4,5,2,3,"Budhanilkantha, Budhanilkantha, Kathmandu",7,,,,22,Blacktopped,1,1275.75,57500000
4,4,4,1,"638, Greenhill city, Mulpani, Kathmandu",4,,,,22,Blacktopped,2,729,35000000
6,3,3,0,"Lalitpur, Mahalaxmi Nagarpalika, Lalitpur",0,4,0,0,10,Gravelled,0.333333333,1369,26000000
9,4,4,4,"Basbari, Basbari, Kathmandu",0,12,3,2,13,Soil Stabilized,2,4406.46,63000000
4,3,2.5,1,"Ochu Height, Imadol, Lalitpur",0,3,2,0,13,Blacktopped,1,1197.87,22000000
5,6,3,1,"Samakhusi, Samakhusi, Kathmandu",4,,,,15,Blacktopped,2,729,44000000
4,4,3,0,"Near Padma Colony, Sitapaila, Kathmandu",3,1,,,0,Soil Stabilized,2,889,17000000
6,3,3,1,"Cozy  home, Imadol, Lalitpur",4,,,,13,Soil Stabilized,2,729,24900000
0,4,4,1,"Samakhusi,Pabitranagar Marg, Samakhusi, Kathmandu",0,3,0,1,10,Blacktopped,0.833333333,1048.14,25000000
4,3,3,0,"Nearby Hepali Height, Budhanilkantha, Kathmandu",4,,,,13.12336,Blacktopped,2,729,21500000
4,4,3,0,"NA, Budhanilkantha, Kathmandu",4,5,,,20,Blacktopped,1,2440.25,50000000
4,5,3,3,"Near by Yellow Gumba, Sano Bharyang, Kathmandu",0,4,0,2,12,Soil Stabilized,2,1411.78,26000000
5,4,3,2,"Jyotinagar, Budhanilkantha, Budhanilkantha, Kathmandu",0,5,1,0,13,Blacktopped,2,1796.81,32000000
4,2,2,1,"Durganagar colony, Syuchatar, Kathmandu",0,0,3,7,14,Soil Stabilized,1,406.41,22000000
3,2,3,0,"Jharuwarashi chapagaon, Jharuwarashi, Lalitpur",0,4,3,1,12,Blacktopped,0.5,1647.07,13000000
5,5,3,4,"Sitapaila, Sitapaila, Kathmandu",9,,,,12,Soil Stabilized,2,1640.25,45000000
5,3,3,1,"Piple Chautari Tole (Naya Basti), Naikap, Kathmandu",4,,,,13,Soil Stabilized,2,729,22500000
4,3,3,1,"Ochu Height, Imadol, Imadol, Lalitpur",0,2,2,0,13,Gravelled,0.5,855.62,20500000
6,6,3,2,"Na, Grande Villa, Kathmandu",6,5,,,15,Soil Stabilized,2,2804.75,39000000
5,5,3,3,"Na, Thulo Bharyang, Kathmandu",7,,,,15,Blacktopped,2,1275.75,39000000
3,3,2,1,"Southern height housing, Thaiba, Harisiddhi, Lalitpur",0,5,2,0,0,Soil Stabilized,2,1882.37,25000000
7,6,3,1,"Kapanmarg, Maharajgunj, Maharajgunj, Kathmandu",8,,,,10,Soil Stabilized,1,1458,48000000
6,5,3,2,"tokha road , saraswoti 3, Tokha, Kathmandu",5,,,,14,Gravelled,2,911.25,30000000
5,4,2,1,"manbadur marg hpuse sale, Budhanilkantha, Kathmandu",0,4,2,0,13,Gravelled,0.75,1540.12,29000000
4,3,3,2,"Jorpati, Jorpati, Kathmandu",0,3,0,0,14,Blacktopped,0.333333333,1026.75,22500000
6,6,3,3,"na, Budhanilkantha, Kathmandu",12,,,,13,Blacktopped,1,2187,60000000
5,5,3,2,"Na, Chabahil, Kathmandu",4,5,,,14,Blacktopped,2,2440.25,49500000
3,4,3,1,"Nayabazar Kathmandu, Naya Bazar, Kathmandu",0,3,0,0,0,Soil Stabilized,1,1026.75,31000000
7,7,3,3,"NA, Samakhusi, Kathmandu",7,,,,20,Blacktopped,1,1275.75,55000000
7,4,3,0,"Kalanki, Kalanki, Kathmandu",6,1,,,14,Soil Stabilized,2,1435.75,38000000
9,4,3,4,"Budhanilakntha, Budhanilkantha, Kathmandu",0,7,,,20,Blacktopped,1,2395.75,58000000
7,4,3,1,"Thapagau, Thapagaun, Kathmandu",0,3,3,3,20,Gravelled,1,1347.6,36000000
4,3,2,2,"Saroj Niwas, JanakpurDham, Kataiya Chowri, Ward no. 4, Janakpur, Dhanusa",11,,,,13.12336,Blacktopped,1,2004.75,16000000
7,5,3,2,"Tulsi marga, Ranipauwa, Pokhara",6,,,,0,Soil Stabilized,1,1093.5,35900000
5,2,4,0,"Banglamukhi, Chakupat, Lalitpur",2,,,,10,Gravelled,1,364.5,14000000
8,5,3,1,"VDC 6 Nagarjun, Sitapaila, Kathmandu",0,0,0,4,14,Gravelled,1,85.56,26000000
7,3,3,1,"Sanobharyang, Kathmandu, Sanobharyang, Kathmandu",0,4,1,0,16,Soil Stabilized,0.25,1454.56,36000000
5,5,3,1,"Na, Budhanilkantha, Kathmandu",5,,,,16,Blacktopped,2,911.25,44500000
2,2,3,1,"Gaidakot Nepal, Gaidakot Municipality, Nawalparasi",11,,,,0,Gravelled,0.833333333,2004.75,13000000
4,5,3,3,"Na, Gairidhara, Kathmandu",8,,,,13,Blacktopped,1,1458,50000000
3,4,3,1,"25 Gha, Sitapaila, Kathmandu",3,,,,14,Soil Stabilized,2,546.75,22000000
5,5,3,1,"Na, Golfutar, Kathmandu",4,,,,20,Blacktopped,2,729,37000000
5,4,3,3,"Suryabinayak 03, Bhaktapur, Balkot, Bhaktapur",0,6,0,0,13,Blacktopped,0.5,2053.5,37500000
8,5,N/A,6,"Dhapasi Height, Dhapasi, Kathmandu",0,8,3,0,13,Paved,1,2994.68,38500000
4,2,3,1,"Naranghat, Bharatpur, Chitwan",4,,,,13,Blacktopped,2,729,10500000
5,5,3,4,"Na, Budhanilkantha, Kathmandu",8,,,,20,Blacktopped,2,1458,42000000
4,3,N/A,1,"House for Sale in Swayambhu, Raichowk, Swayambhu, Kathmandu",6,,,,0,Soil Stabilized,0.083333333,1093.5,35000000
6,2,2,4,"Bafal, Bafal, Kathmandu",0,3,0,0,10,Paved,1,1026.75,23000000
3,4,3,1,"NA, Budhanilkantha, Kathmandu",0,3,3,3,20,Blacktopped,2,1347.6,33000000
6,3,3,1,"Nearby,Ratamakai Chowk, Imadol, Imadol, Lalitpur",0,5,2,0,12,Blacktopped,1,1882.37,31000000
2,2,N/A,0,"Baluwatar, Baluwatar, Kathmandu",0,1,1,0,14,Blacktopped,0.083333333,427.81,11000000
4,4,3,1,"Sital Height, Imadol, Lalitpur",0,3,0,1,13,Gravelled,2,1048.14,27000000
6,5,3,1,"Na, Samakhusi, Kathmandu",3,5,,,13,Gravelled,2,2258,23000000
4,2,2,1,"Halgada, Birtamod Road, Itahari",0,0,6,,20,Soil Stabilized,1,513.36,13000000
4,2,5,0,"Kobahal, Patan, Lalitpur",0,2,1,3,5,Alley,1,834.23,14000000
7,4,2.5,4,"Nagarjung, Nagarjun, Kathmandu",0,3,2,2,10,Blacktopped,1,1240.65,22000000
6,6,3,1,"Na, Tokha, Kathmandu",3,,,,13,Paved,2,546.75,21000000
5,4,2.5,1,"Sital Height, Imadol, Lalitpur",0,3,0,0,12,Gravelled,1,1026.75,18500000
3,3,2,1,"The CG Villa, Sunakothi, Lalitpur",4,,,,18,Soil Stabilized,0.333333333,729,35000000
5,4,3,1,"n, Bhangal, Kathmandu",3,5,,,13,Blacktopped,1,2258,16500000
5,3,3,1,"Sano Bharyang, Sano Bharyang, Kathmandu",6,,,,13,Gravelled,0.916666667,1093.5,50000000
2,1,1.35,1,"Boje Pokhari, Imadol, Lalitpur",0,3,2,0,10,Gravelled,2,1197.87,13000000
3,3,N/A,2,"Ganesh Basti, Budhanilkantha, Kathmandu",4,5,,,22,Gravelled,1,2440.25,26000000
6,2,3,1,"Dumakhal, Mulpani, Kathmandu",11,,,,20,Gravelled,2,2004.75,17500000
6,4,3,2,"Fulbari Marga, Nakhu, Bhaisepati, Lalitpur",4,,,,13,Blacktopped,1,729,25000000
3,3,3,0,"Kapan Gumba, Kapan, Kathmandu",3,,,,10,Gravelled,2,546.75,12500000
8,3,N/A,2,"Near Panchakanya Chowk, Kapan, Kathmandu",0,4,3,0,14,Blacktopped,1,1625.68,28000000
4,4,N/A,1,"Bhaisepati, Bhaisepati, Lalitpur",0,3,3,3,15,Blacktopped,1,1347.6,24000000
4,4,3,1,"Bhangal house sale, Bhangal, Kathmandu",0,5,1,0,12,Gravelled,0.75,1796.81,33500000
6,6,3,3,"Na, Hattigauda, Kathmandu",8,5,,,13,Gravelled,2,3169.25,45000000
3,4,3,1,"Sano Gaun, Lalitpur, Sano Gaun, Lalitpur",3,5,,,20,Gravelled,1,2258,22000000
4,3,N/A,1,"Kapan, Kapan, Kathmandu",4,,,,10,Blacktopped,0.083333333,729,26500000
6,3,N/A,0,"Budhanilkantha, Budhanilkantha, Kathmandu",4,,,,14,Soil Stabilized,2,729,29000000
10,3,3,0,"Boudha, Boudha, Kathmandu",0,3,1,0,20,Soil Stabilized,2,1112.31,22000000
7,3,3,2,"Gurung Tole, Payautar Road, Kapan, Budhanilkantha, Kathmandu, Kapan, Kathmandu",0,5,0,1,13,Gravelled,0.666666667,1732.64,29500000
4,3,3,0,"Sita Home Colony, Sitapaila, Kathmandu",7,,,,20,Soil Stabilized,2,1275.75,29500000
10,3,3,2,"Jyotinagar, Budhanilkantha, Kathmandu",0,4,1,0,13,Blacktopped,2,1454.56,27500000
6,3,3,2,"Gokarneshwor, Nayabasti, Boudha, Kathmandu",0,3,0,0,8,Blacktopped,1,1026.75,19000000
3,1,1,1,"Kadaghari.pepsicola, Kadaghari, Kathmandu",3,,,,13,Gravelled,2,546.75,12500000
2,1,N/A,0,"Tokha, Tokha, Kathmandu",4,,,,15,Soil Stabilized,2,729,13000000
3,4,3,1,"Nayabazar-16, Naya Bazar, Kathmandu",0,3,0,0,19.68504,Blacktopped,2,1026.75,31000000
3,4,3,1,"Near Grande International Hospital, Tokha, Kathmandu",0,3,1,0,13,Gravelled,0.166666667,1112.31,26000000
6,6,3,3,"Namuna tole bhangal, Budhanilkantha, Kathmandu",15,2,,,20,Blacktopped,0.416666667,3418.25,65000000
4,5,3,1,"Nepal medicity hospital near, Nakkhu, Lalitpur",0,3,0,0,13,Soil Stabilized,2,1026.75,18000000
7,7,3,3,"Dhumbarahi, Dhumbarahi, Kathmandu",8,,,,13,Blacktopped,2,1458,62000000
4,3,N/A,0,"Nag Pokhari, Nag Pokhari, Kathmandu",3,,,,12,Soil Stabilized,2,546.75,16500000
4,4,N/A,3,"hattiban, Hattiban, Lalitpur",0,7,3,0,13,Gravelled,2,2652.43,38000000
3,2,N/A,1,"Sagarmatha Tole, Kaji Pokhari, Pokhara",3,,,,20,Soil Stabilized,1,546.75,16500000
3,4,N/A,0,"Wasik, Budhanilkantha, Kathmandu",9,,,,0,Soil Stabilized,0.166666667,1640.25,70000000
5,4,3,1,"Fulbari Marga, Bhaisepati, Lalitpur",0,4,3,1,13,Blacktopped,2,1647.07,28500000
5,3,2.5,1,"Bojepokhari, Panii Tyanki, Imadol, Lalitpur",0,4,0,0,10,Gravelled,2,1369,22000000
5,3,2.5,2,"Nagarjung, Nagarjun, Kathmandu",0,2,2,0,13,Concrete,1,855.62,18500000
3,3,2,0,"Bhudanilkantha, Chapali, Kathmandu",0,14,1,0,20,Blacktopped,0.333333333,4877.06,69000000
6,5,4,5,"Dhapakhel Height, Dhapakhel, Lalitpur",10,,,,0,Soil Stabilized,2,1822.5,50000000
4,3,2.5,0,"Mahalaxmi-05, Imadol, Lalitpur",0,3,0,0,13,Gravelled,1,1026.75,18500000
1,1,1,4,"Mahalaxmi, Imadol, Lalitpur",0,9,0,0,13,Soil Stabilized,0.166666667,3080.25,33500000
5,5,N/A,2,"Nakhipot, Nakhipot, Lalitpur",8,,,,0,Gravelled,0.666666667,1458,65000000
5,3,2.5,1,"Bhandhari marga., Imadol, Lalitpur",0,3,1,0,20,Blacktopped,2,1112.31,19500000
6,4,4,2,"Chabahil, Charumati bihar, Chabahil, Kathmandu",2,5,,,20,Paved,2,2075.75,25000000
6,4,3,1,"n, Budhanilkantha, Kathmandu",4,,,,15,Blacktopped,1,729,22000000
4,3,3,1,"Katunje Height, Suryabinayak, Bhaktapur, Bhaktapur",0,3,0,0,20,Blacktopped,0.166666667,1026.75,20000000
0,3,3,1,"House No 21 Satapatri Tole, Battisputali, Kathmandu",0,3,1,1,9,Paved,2,1133.7,18000000
6,5,3,2,"Golfutar Bhangal Sundarbasti, Sunderbasti, Kathmandu",4,5,,,12,Gravelled,1,2440.25,26500000
5,3,3,8,"Dhapasi, Dhapasi, Kathmandu",0,14,1,0,14,Blacktopped,1,4877.06,55000000
2,3,3,1,"RudreshworChowk, Budhanilkantha, Kathmandu",3,,,,12,Soil Stabilized,2,546.75,15000000
6,6,3,3,"NA, Golfutar, Kathmandu",10,,,,20,Soil Stabilized,2,1822.5,56000000
5,6,3,2,"Na, Basundhara, Kathmandu",7,,,,14,Blacktopped,2,1275.75,39900000
4,4,3,3,"na, Budhanilkantha, Kathmandu",9,,,,20,Blacktopped,1,1640.25,55000000
5,5,3,2,"Na, Budhanilkantha, Kathmandu",5,,,,14,Gravelled,2,911.25,29000000
5,5,N/A,3,"NA, Dhapasi, Kathmandu",8,,,,20,Blacktopped,2,1458,65000000
0,4,4,0,"Suryakot, krishna gali, Koteshwor, Kathmandu",4,2,,,13,Paved,0.583333333,1413.5,25000000
6,5,3,1,"Surya Darshan Height, Tokha, Kathmandu",4,,,,13,Blacktopped,2,729,23000000
4,6,3,3,"NA, Budhanilkantha, Kathmandu",5,5,,,20,Gravelled,1,2622.5,32000000
5,3,2.5,2,"Tikathali, Buddha colony, Imadol, Lalitpur",0,3,2,0,13,Gravelled,2,1197.87,19500000
5,5,3,2,"Na, Hattigauda, Kathmandu",5,5,,,13,Gravelled,2,2622.5,35500000
0,3,N/A,3,"Lalitpur, Hattiban, Lalitpur",0,6,0,0,14,Blacktopped,0.166666667,2053.5,35500000
5,5,3,2,"Lalitpur hattiban, Hattiban, Lalitpur",0,7,3,1,24,Gravelled,0.166666667,2673.82,57500000
4,5,N/A,1,"Kantipur Colony, Nakhipot, Lalitpur",0,3,1,0,0,Soil Stabilized,2,1112.31,22200000
6,4,3,1,"Bhatkepati (Prithivi Chowk), Kirtipur, Kathmandu",0,4,2,3,12,Gravelled,2,1604.29,25000000
7,4,2,2,"Chandragiri, Chandragiri, Kathmandu",4,1,,,14,Blacktopped,0.833333333,1071.25,29500000
4,2,2,1,"khahare, pepsicola, kathmandu, Pepsicola, Kathmandu",0,2,2,0,13,Blacktopped,1,855.62,15000000
7,6,3,1,"Na, Kapan, Kathmandu",4,,,,13,Gravelled,1,729,23500000
10,3,3,2,"BANEPA, Banepa, Kavre",0,3,2,0,14,Soil Stabilized,0.75,1197.87,18000000
7,3,2.5,2,"Nearby Valley Top Driving Center, Sankhamul, Kathmandu",0,3,2,2,12,Paved,2,1240.65,35000000
10,7,N/A,1,"Near Mahendra Ratna Campous, Tahachal, Kathmandu",7,0,0,,12,Blacktopped,1,1275.75,50000000
5,3,3,1,"Pawan Prakriti School, Tikathali, Lalitpur, Tikathali, Lalitpur",0,3,1,0,13,Soil Stabilized,0.333333333,1112.31,19500000
7,7,3,0,"Kumari Club, Balkhu, Kathmandu",9,,,,10,Soil Stabilized,3,1640.25,49500000
0,3,3,0,"center of suvakamana tole, Sitapaila, Kathmandu",2,5,,,13,Paved,0.416666667,2075.75,15000000
5,5,3,1,"Na, Budhanilkantha, Kathmandu",3,1,,,13,Gravelled,2,889,18000000
5,3,3,1,"Swastik Tole, Imadol, Lalitpur",3,0,2,,13,Soil Stabilized,2,717.87,17500000
6,4,2.5,1,"Nearby CCRC College, Narephate, Kathmandu",0,6,0,0,20,Blacktopped,2,2053.5,33000000
4,6,3,2,"Na, Golfutar, Kathmandu",7,,,,13,Paved,1,1275.75,35000000
6,4,3,4,"Chandol, Chandol, Kathmandu",6,,,,14,Soil Stabilized,2,1093.5,40000000
4,2,2,1,"Dashrath Marg, Durganagar Colony, Syuchatar, Kathmandu",0,5,2,2,0,Soil Stabilized,1,1925.15,25500000
2,1,1.5,1,"nearby Buddha party palace, Imadol, Lalitpur",0,2,3,0,13,Gravelled,1,941.18,11300000
5,2,2.5,1,"Sital height, Imadol, Lalitpur",0,3,2,0,13,Gravelled,2,1197.87,18500000
4,3,3,4,"Simaltar, Kapan, Kathmandu",3,2,,,13,Blacktopped,2,1231.25,17000000
5,5,3,1,"Na, Bhangal, Kathmandu",4,,,,13,Gravelled,2,729,23000000
5,2,N/A,1,"Jarankhu, Goldhunga, Kathmandu",0,3,2,2,13,Soil Stabilized,2,1240.65,15500000
10,3,3,1,"Gumba, Imadol, Lalitpur",0,3,3,0,13,Blacktopped,2,1283.43,22000000
2,2,1.5,1,"Bhairab Chaur, Gokarneshwor, Kathmandu",0,3,1,0,12,Gravelled,1,1112.31,10500000
6,4,3,2,"Kalanki, Syuchatar, Kathmandu",3,3,,,13,Gravelled,1,1573.5,22400000
8,7,4,4,"Akashedhara Height, Sukedhara, Kathmandu",0,6,0,0,20,Paved,2,2053.5,42000000
0,4,3,1,"Gaurighat, Gaurighat, Kathmandu",0,6,0,0,22,Soil Stabilized,1,2053.5,40000000
4,4,3,1,"Sital Height, Imadol, Imadol, Lalitpur",0,3,0,0,13,Gravelled,0.666666667,1026.75,21000000
0,2,3,0,"Kirtipur, Bhatkyapati, Machhegaun, Kirtipur",5,5,,,12,Soil Stabilized,2,2622.5,15000000
4,3,3,4,"Ramkot, Ramkot, Kathmandu",0,3,3,2,20,Soil Stabilized,2,1326.21,19000000
5,5,N/A,0,"Na, Golfutar, Kathmandu",4,5,,,14,Blacktopped,1,2440.25,33000000
4,3,3,4,"Kharibot, Thankot, Kathmandu",5,,,,20,Soil Stabilized,2,911.25,27600000
6,3,3,1,"Tikathali, Tikathali, Lalitpur",0,3,2,0,12,Blacktopped,2,1197.87,22500000
5,2,3,0,"Thulobharyang, Thulo Bharyang, Kathmandu",3,5,,,12,Gravelled,2,2258,22700000
6,4,2.5,1,"Sanagau height, Imadol, Lalitpur",0,3,0,2,16,Gravelled,2,1069.53,17500000
7,5,2,0,"Bhandari garment area, Kapan, Budhanilkantha, Kathmandu",0,4,2,0,12,Soil Stabilized,1,1540.12,25000000
5,3,2.5,1,"Bishnu Devi Village Colony, Tinthana, Kathmandu",0,3,0,0,13,Blacktopped,2,1026.75,16000000
6,6,3,3,"Na, Dhapasi, Kathmandu",8,,,,20,Blacktopped,2,1458,65000000
5,5,3,1,"Na, Kapan, Kathmandu",4,5,,,13,Blacktopped,1,2440.25,23500000
9,4,3,4,"Dhapashi, Basundhara, Tokha - 5, Dhapasi, Kathmandu",0,5,1,0,7,Soil Stabilized,2,1796.81,20000000
4,4,2,1,"Medicity Hospital Line, Bhaisepati, Lalitpur",0,3,1,1,13,Blacktopped,1,1133.7,28500000
4,3,2,3,"Boharatar, Balaju Heights, Balaju, Kathmandu",4,5,,,13,Soil Stabilized,0.5,2440.25,26000000
3,3,3,2,"Korean Church, Imadol, Lalitpur",0,3,1,0,13,Gravelled,2,1112.31,18500000
10,6,5,4,"Gongabu, Gongabu, Kathmandu",4,2,,,10,Soil Stabilized,2,1413.5,30000000
7,5,3,8,"Chapal kharkhana, Maharajgunj, Kathmandu",15,,,,12,Blacktopped,2,2733.75,70000000
3,4,N/A,1,"21, Khumaltar, Lalitpur",0,3,2,1,0,Soil Stabilized,0.166666667,1219.26,40000000
6,3,2,2,"Taukhel, Godawari, Lalitpur",0,4,2,0,18,Soil Stabilized,0.5,1540.12,21000000
4,4,3,4,"Balaju Hight, Boharatar, Balaju, Kathmandu",10,,,,14,Blacktopped,0.5,1822.5,48500000
6,3,2,8,"Tinkune, Tinkune, Kathmandu",0,10,0,0,14,Blacktopped,1,3422.5,60000000
5,6,3,4,"Na, Chapali, Kathmandu",12,,,,14,Gravelled,2,2187,42500000
3,1,1,0,"Pawan Prakriti English Secondary School, Imadol, Lalitpur",3,,,,14,Gravelled,2,546.75,11000000
3,2,3,1,"Kalanki, Kalanki, Kathmandu",0,3,1,1,12,Soil Stabilized,2,1133.7,13500000
5,5,3,1,"na, Budhanilkantha, Kathmandu",6,5,,,20,Blacktopped,1,2804.75,58000000
6,3,3,2,"Thulodhara, Koteshwor, Kathmandu",0,4,0,0,15,Concrete,0.25,1369,30000000
3,4,N/A,1,"Congress chowk, Gaidakot, Nawalpur",4,,,,15,Blacktopped,2,729,11000000
5,5,3,2,"pasikot/Budhanilkantha, Budhanilkantha, Kathmandu",5,,,,0,Soil Stabilized,2,911.25,37500000
5,4,3,1,"Imadol, Imadol, Lalitpur",3,,,,10,Gravelled,1,546.75,18500000
4,5,3,1,"Na, Budhanilkantha, Kathmandu",8,,,,20,Paved,2,1458,57500000
5,4,3,3,"Thulo Bharyang, Thulo Bharyang, Kathmandu",0,3,2,0,13,Paved,0.083333333,1197.87,32500000
5,5,3,1,"Na, Budhanilkantha, Kathmandu",3,0,2,,14,Gravelled,2,717.87,22500000
6,5,3,1,"??????? ???????????? ??? ????? ?, ????? ?????, ??????,, Jawalakhel, Lalitpur",0,3,0,2,14,Blacktopped,1,1069.53,39800000
4,3,3,1,"Dhapakhel height, Dhapakhel, Lalitpur",0,4,3,0,13,Soil Stabilized,2,1625.68,25000000
5,5,3,4,"na, Budhanilkantha, Kathmandu",15,,,,14,Blacktopped,2,2733.75,65000000
5,4,4,1,"Manakamana colony, Thankot, Kathmandu",5,,,,12,Blacktopped,2,911.25,33000000
2,2,1,1,"Na, Budhanilkantha, Kathmandu",5,,,,12,Gravelled,2,911.25,15000000
4,5,3,2,"Na, Golfutar, Kathmandu",5,5,,,13,Gravelled,1,2622.5,40000000
4,3,3,1,"Sital Height, Imadol, Imadol, Lalitpur",0,3,0,0,13,Soil Stabilized,0.666666667,1026.75,21500000
3,5,N/A,2,"Budhanilkantha, Budhanilkantha, Kathmandu",0,5,0,2,13,Soil Stabilized,0.75,1754.03,34000000
3,4,2,1,"new colony, ganesh chowk, Hattigauda, Kathmandu",3,5,,,14,Soil Stabilized,1,2258,27000000
